model,fold,tau,cand_per_s1,cand_recall,cand_recall_rel,excl,rule,min_p,extra_mass,thr,macro_f05,f05_single,f05_nonsingle,n_pred
cv300k,0,0.0,12.0,0.9816234445196185,1.0,none,expF,0.0,0.0,,0.9708748137438145,0.9475409836065574,0.9722583453368182,1448772
cv300k,0,0.0,12.0,0.9816234445196185,1.0,none,expF,0.0,0.2,,0.9709102343765251,0.9492005666869054,0.9721974645888615,1450099
cv300k,0,0.0,12.0,0.9816234445196185,1.0,none,expF,0.0,0.4,,0.9709221693403404,0.9503744181339809,0.972140506098256,1451448
cv300k,0,0.0,12.0,0.9816234445196185,1.0,none,expF,0.4,0.0,,0.9708996399793733,0.9485934021453147,0.972222242594672,1448679
cv300k,0,0.0,12.0,0.9816234445196185,1.0,none,expF,0.4,0.2,,0.9709295680097613,0.9500910746812387,0.9721651437254075,1450016
cv300k,0,0.0,12.0,0.9816234445196185,1.0,none,expF,0.4,0.4,,0.9709412970009894,0.9511434932199959,0.9721151671646947,1451372
cv300k,0,0.0,12.0,0.9816234445196185,1.0,none,expF,0.5,0.0,,0.9710742254501422,0.9572151386359037,0.97189597157347,1448216
cv300k,0,0.0,12.0,0.9816234445196185,1.0,none,expF,0.5,0.2,,0.9710839322035258,0.9572151386359037,0.9719062538688841,1449608
cv300k,0,0.0,12.0,0.9816234445196185,1.0,none,expF,0.5,0.4,,0.9710721051234823,0.9572151386359037,0.9718937255263904,1450986
cv300k,0,0.0,12.0,0.9816234445196185,1.0,none,expF,0.6,0.0,,0.9711032688109518,0.9674964582068407,0.9713171272470257,1447573
cv300k,0,0.0,12.0,0.9816234445196185,1.0,none,expF,0.6,0.2,,0.9711105839937408,0.9674964582068407,0.9713248761685724,1448956
cv300k,0,0.0,12.0,0.9816234445196185,1.0,none,expF,0.6,0.4,,0.9710945087290881,0.9674964582068407,0.9713078477540776,1450323
cv300k,0,0.0,12.0,0.9816234445196185,1.0,none,expF,0.7,0.0,,0.970802294385953,0.9759158065168995,0.9704990991735615,1446838
cv300k,0,0.0,12.0,0.9816234445196185,1.0,none,expF,0.7,0.2,,0.9708097534226123,0.9759158065168995,0.9705070004784988,1448213
cv300k,0,0.0,12.0,0.9816234445196185,1.0,none,expF,0.7,0.4,,0.9707928285210379,0.9759158065168995,0.9704890720496037,1449573
cv300k,0,0.0,12.0,0.9816234445196185,1.0,none,thr,,,0.5,0.9685881002532456,0.9572151386359037,0.9692624366828438,1477771
cv300k,0,0.0,12.0,0.9816234445196185,1.0,none,thr,,,0.55,0.9696955301991584,0.9625177089657964,0.9701211243852339,1470173
cv300k,0,0.0,12.0,0.9816234445196185,1.0,none,thr,,,0.6,0.9703288740077384,0.9674964582068407,0.9704968162924817,1463662
cv300k,0,0.0,12.0,0.9816234445196185,1.0,none,thr,,,0.65,0.9706034547342477,0.9717466099979761,0.9705356736878539,1457228
cv300k,0,0.0,12.0,0.9816234445196185,1.0,none,thr,,,0.7,0.970618353151994,0.9759158065168995,0.9703042515214556,1450700
cv300k,0,0.0,12.0,0.9816234445196185,1.0,none,thr,,,0.75,0.9702882133964904,0.9797207043108682,0.9697289331967119,1443253
cv300k,0,0.0,12.0,0.9816234445196185,1.0,none,thr,,,0.8,0.9696582596197295,0.9829589151993524,0.9688696245309412,1434900
cv300k,0,0.0,12.0,0.9816234445196185,1.0,fold,expF,0.0,0.0,,0.9709108695675261,0.9485124468731027,0.9722389380950204,1448564
cv300k,0,0.0,12.0,0.9816234445196185,1.0,fold,expF,0.0,0.2,,0.9709418070875525,0.9501315523173447,0.9721757084558096,1449892
cv300k,0,0.0,12.0,0.9816234445196185,1.0,fold,expF,0.0,0.4,,0.9709519495466892,0.9512244484922081,0.9721216512544387,1451248
cv300k,0,0.0,12.0,0.9816234445196185,1.0,fold,expF,0.4,0.0,,0.9709301574290761,0.9494434325035418,0.9722041687075414,1448480
cv300k,0,0.0,12.0,0.9816234445196185,1.0,fold,expF,0.4,0.2,,0.9709552247303701,0.9508601497672536,0.9721467209790229,1449820
cv300k,0,0.0,12.0,0.9816234445196185,1.0,fold,expF,0.4,0.4,,0.9709628955184613,0.9517911353976928,0.9720996457075448,1451187
cv300k,0,0.0,12.0,0.9816234445196185,1.0,fold,expF,0.5,0.0,,0.9710805051573922,0.9572151386359037,0.9719026236230798,1448055
cv300k,0,0.0,12.0,0.9816234445196185,1.0,fold,expF,0.5,0.2,,0.9710869237660372,0.9572151386359037,0.971909422809958,1449448
cv300k,0,0.0,12.0,0.9816234445196185,1.0,fold,expF,0.5,0.4,,0.9710755518980394,0.9572151386359037,0.9718973766703743,1450835
cv300k,0,0.0,12.0,0.9816234445196185,1.0,fold,expF,0.6,0.0,,0.9711095485182019,0.9674964582068407,0.9713237792966356,1447412
cv300k,0,0.0,12.0,0.9816234445196185,1.0,fold,expF,0.6,0.2,,0.9711135755562521,0.9674964582068407,0.9713280451096464,1448796
cv300k,0,0.0,12.0,0.9816234445196185,1.0,fold,expF,0.6,0.4,,0.9710995603733864,0.9674964582068407,0.9713131989252621,1450174
cv300k,0,0.0,12.0,0.9816234445196185,1.0,fold,expF,0.7,0.0,,0.9708074868899136,0.9759158065168995,0.9705045995563931,1446680
cv300k,0,0.0,12.0,0.9816234445196185,1.0,fold,expF,0.7,0.2,,0.9708139234802925,0.9759158065168995,0.970511417791195,1448058
cv300k,0,0.0,12.0,0.9816234445196185,1.0,fold,expF,0.7,0.4,,0.9707975481948662,0.9759158065168995,0.9704940715668101,1449427
cv300k,0,0.0,12.0,0.9816234445196185,1.0,fold,thr,,,0.5,0.9686310773883374,0.9572151386359037,0.9693079620590015,1477559
cv300k,0,0.0,12.0,0.9816234445196185,1.0,fold,thr,,,0.55,0.9697094880613379,0.9625177089657964,0.9701359098502194,1470104
cv300k,0,0.0,12.0,0.9816234445196185,1.0,fold,thr,,,0.6,0.9703339436256627,0.9674964582068407,0.9705021865030015,1463635
cv300k,0,0.0,12.0,0.9816234445196185,1.0,fold,thr,,,0.65,0.9706054493681469,0.9717466099979761,0.9705377865894786,1457212
cv300k,0,0.0,12.0,0.9816234445196185,1.0,fold,thr,,,0.7,0.9706179288934061,0.9759158065168995,0.9703038021073253,1450696
cv300k,0,0.0,12.0,0.9816234445196185,1.0,fold,thr,,,0.75,0.9702881537728467,0.9797207043108682,0.9697288700378066,1443251
cv300k,0,0.0,12.0,0.9816234445196185,1.0,fold,thr,,,0.8,0.9696585776124956,0.9829589151993524,0.968869961378436,1434899
cv300k,0,0.0,12.0,0.9816234445196185,1.0,global,expF,0.0,0.0,,0.9709548654553422,0.9500101194090265,0.9721967412079323,1448282
cv300k,0,0.0,12.0,0.9816234445196185,1.0,global,expF,0.0,0.2,,0.970979503952093,0.9514268366727383,0.9721388392497853,1449603
cv300k,0,0.0,12.0,0.9816234445196185,1.0,global,expF,0.0,0.4,,0.970989901987274,0.9525197328476017,0.9720850527783161,1450936
cv300k,0,0.0,12.0,0.9816234445196185,1.0,global,expF,0.4,0.0,,0.9709695418195252,0.9505768063145112,0.9721786872394153,1448237
cv300k,0,0.0,12.0,0.9816234445196185,1.0,global,expF,0.4,0.2,,0.9709870056044918,0.9518316130337988,0.9721227853132687,1449566
cv300k,0,0.0,12.0,0.9816234445196185,1.0,global,expF,0.4,0.4,,0.9709971976670856,0.9528030763003441,0.9720759807716922,1450908
cv300k,0,0.0,12.0,0.9816234445196185,1.0,global,expF,0.5,0.0,,0.9710876662808803,0.9572556162720097,0.9719078093122948,1447867
cv300k,0,0.0,12.0,0.9816234445196185,1.0,global,expF,0.5,0.2,,0.9710911386422509,0.9572556162720097,0.9719114875602101,1449243
cv300k,0,0.0,12.0,0.9816234445196185,1.0,global,expF,0.5,0.4,,0.9710880601853041,0.9572556162720097,0.9719082265724734,1450611
cv300k,0,0.0,12.0,0.9816234445196185,1.0,global,expF,0.6,0.0,,0.9711200853035342,0.9674964582068407,0.9713349408390399,1447234
cv300k,0,0.0,12.0,0.9816234445196185,1.0,global,expF,0.6,0.2,,0.9711224477015189,0.9674964582068407,0.971337443310567,1448601
cv300k,0,0.0,12.0,0.9816234445196185,1.0,global,expF,0.6,0.4,,0.971115593080475,0.9674964582068407,0.9713301822588293,1449960
cv300k,0,0.0,12.0,0.9816234445196185,1.0,global,expF,0.7,0.0,,0.9708180236752458,0.9759158065168995,0.9705157610987974,1446505
cv300k,0,0.0,12.0,0.9816234445196185,1.0,global,expF,0.7,0.2,,0.970823173241969,0.9759158065168995,0.9705212159985159,1447866
cv300k,0,0.0,12.0,0.9816234445196185,1.0,global,expF,0.7,0.4,,0.9708148081552862,0.9759158065168995,0.9705123549211776,1449218
cv300k,0,0.0,12.0,0.9816234445196185,1.0,global,thr,,,0.5,0.9687801396816719,0.9572556162720097,0.9694634626568451,1476885
cv300k,0,0.0,12.0,0.9816234445196185,1.0,global,thr,,,0.55,0.9697625136367676,0.9625177089657964,0.9701920794683722,1469886
cv300k,0,0.0,12.0,0.9816234445196185,1.0,global,thr,,,0.6,0.970356456501773,0.9674964582068407,0.9705260342339199,1463553
cv300k,0,0.0,12.0,0.9816234445196185,1.0,global,thr,,,0.65,0.9706135810114397,0.9717466099979761,0.9705464003818799,1457176
cv300k,0,0.0,12.0,0.9816234445196185,1.0,global,thr,,,0.7,0.9706207720790175,0.9759158065168995,0.9703068138737952,1450683
cv300k,0,0.0,12.0,0.9816234445196185,1.0,global,thr,,,0.75,0.9702885493709903,0.9797207043108682,0.9697292890921306,1443248
cv300k,0,0.0,12.0,0.9816234445196185,1.0,global,thr,,,0.8,0.969656959256454,0.9829589151993524,0.9688682470652926,1434898
cv300k,1,0.0,12.0,0.9816538139084667,1.0,none,expF,0.0,0.0,,0.9709430844298141,0.9485180673974828,0.9722684578562837,1448289
cv300k,1,0.0,12.0,0.9816538139084667,1.0,none,expF,0.0,0.2,,0.970971453331663,0.9502639058059277,0.9721953201041339,1449658
cv300k,1,0.0,12.0,0.9816538139084667,1.0,none,expF,0.0,0.4,,0.9709570341385108,0.9514413317092976,0.9721104599468956,1451018
cv300k,1,0.0,12.0,0.9816538139084667,1.0,none,expF,0.4,0.0,,0.970970931046729,0.9494924888347543,0.9722403595831118,1448221
cv300k,1,0.0,12.0,0.9816538139084667,1.0,none,expF,0.4,0.2,,0.9709902371342114,0.9509947218838815,0.9721720210554072,1449599
cv300k,1,0.0,12.0,0.9816538139084667,1.0,none,expF,0.4,0.4,,0.9709716641511412,0.9520503451075923,0.9720899604457623,1450965
cv300k,1,0.0,12.0,0.9816538139084667,1.0,none,expF,0.5,0.0,,0.9711103170549783,0.9580592773041007,0.9718816654668287,1447719
cv300k,1,0.0,12.0,0.9816538139084667,1.0,none,expF,0.5,0.2,,0.9710924368327195,0.9580592773041007,0.971862728479645,1449151
cv300k,1,0.0,12.0,0.9816538139084667,1.0,none,expF,0.5,0.4,,0.9710625891512681,0.9580592773041007,0.9718311167271216,1450549
cv300k,1,0.0,12.0,0.9816538139084667,1.0,none,expF,0.6,0.0,,0.971006040492948,0.9678846934632562,0.9711905197467198,1447044
cv300k,1,0.0,12.0,0.9816538139084667,1.0,none,expF,0.6,0.2,,0.9709871629738092,0.9678846934632562,0.9711705265199678,1448465
cv300k,1,0.0,12.0,0.9816538139084667,1.0,none,expF,0.6,0.4,,0.9709546899532755,0.9678846934632562,0.9711361342643929,1449847
cv300k,1,0.0,12.0,0.9816538139084667,1.0,none,expF,0.7,0.0,,0.9706841978667659,0.9765732846122614,0.9703361384174731,1446260
cv300k,1,0.0,12.0,0.9816538139084667,1.0,none,expF,0.7,0.2,,0.9706650865845581,0.9765732846122614,0.9703158976116825,1447672
cv300k,1,0.0,12.0,0.9816538139084667,1.0,none,expF,0.7,0.4,,0.9706315411963794,0.9765732846122614,0.9702803696089083,1449046
cv300k,1,0.0,12.0,0.9816538139084667,1.0,none,thr,,,0.5,0.9685351342109864,0.9580592773041007,0.9691542830100205,1477364
cv300k,1,0.0,12.0,0.9816538139084667,1.0,none,thr,,,0.55,0.9695908634856405,0.9636215996751929,0.9699436615958291,1469596
cv300k,1,0.0,12.0,0.9816538139084667,1.0,none,thr,,,0.6,0.9701362076921651,0.9678846934632562,0.9702692776971517,1463024
cv300k,1,0.0,12.0,0.9816538139084667,1.0,none,thr,,,0.65,0.9704203925835101,0.9722289890377588,0.9703135001037312,1456755
cv300k,1,0.0,12.0,0.9816538139084667,1.0,none,thr,,,0.7,0.9704641784508328,0.9765732846122614,0.9701031153152211,1450033
cv300k,1,0.0,12.0,0.9816538139084667,1.0,none,thr,,,0.75,0.9701266032290159,0.9798619569630532,0.9695512199810223,1442520
cv300k,1,0.0,12.0,0.9816538139084667,1.0,none,thr,,,0.8,0.9693664560881585,0.9831912302070646,0.9685493780802478,1434118
cv300k,1,0.0,12.0,0.9816538139084667,1.0,fold,expF,0.0,0.0,,0.9709825819381133,0.9494924888347543,0.9722526990707104,1448089
cv300k,1,0.0,12.0,0.9816538139084667,1.0,fold,expF,0.0,0.2,,0.9709809671652712,0.9509135200974421,0.9721670024330454,1449457
cv300k,1,0.0,12.0,0.9816538139084667,1.0,fold,expF,0.0,0.4,,0.9709761963677552,0.951969143321153,0.9720995597519229,1450839
cv300k,1,0.0,12.0,0.9816538139084667,1.0,fold,expF,0.4,0.0,,0.9710085067528745,0.9503045066991473,0.9722321638610617,1448031
cv300k,1,0.0,12.0,0.9816538139084667,1.0,fold,expF,0.4,0.2,,0.9709998588584671,0.9515225334957369,0.9721510164882358,1449407
cv300k,1,0.0,12.0,0.9816538139084667,1.0,fold,expF,0.4,0.4,,0.9709890461847066,0.9524563540397889,0.9720843736778542,1450794
cv300k,1,0.0,12.0,0.9816538139084667,1.0,fold,expF,0.5,0.0,,0.9711157952935763,0.9580592773041007,0.9718874674827445,1447557
cv300k,1,0.0,12.0,0.9816538139084667,1.0,fold,expF,0.5,0.2,,0.9710968798059084,0.9580592773041007,0.9718674340434306,1448985
cv300k,1,0.0,12.0,0.9816538139084667,1.0,fold,expF,0.5,0.4,,0.9710666107263529,0.9580592773041007,0.9718353759871429,1450396
cv300k,1,0.0,12.0,0.9816538139084667,1.0,fold,expF,0.6,0.0,,0.9710164915095586,0.9678846934632562,0.9712015884440073,1446887
cv300k,1,0.0,12.0,0.9816538139084667,1.0,fold,expF,0.6,0.2,,0.9709965787250109,0.9678846934632562,0.9711804987651252,1448303
cv300k,1,0.0,12.0,0.9816538139084667,1.0,fold,expF,0.6,0.4,,0.9709649430305904,0.9678846934632562,0.9711469933236874,1449700
cv300k,1,0.0,12.0,0.9816538139084667,1.0,fold,expF,0.7,0.0,,0.970695026500642,0.9765732846122614,0.9703476070501311,1446104
cv300k,1,0.0,12.0,0.9816538139084667,1.0,fold,expF,0.7,0.2,,0.9706745023357597,0.9765732846122614,0.9703258698568397,1447511
cv300k,1,0.0,12.0,0.9816538139084667,1.0,fold,expF,0.7,0.4,,0.9706417942736943,0.9765732846122614,0.9702912286682028,1448900
cv300k,1,0.0,12.0,0.9816538139084667,1.0,fold,thr,,,0.5,0.968559911159265,0.9580592773041007,0.9691805243366219,1477200
cv300k,1,0.0,12.0,0.9816538139084667,1.0,fold,thr,,,0.55,0.9695999654260602,0.9636215996751929,0.9699533014832186,1469556
cv300k,1,0.0,12.0,0.9816538139084667,1.0,fold,thr,,,0.6,0.9701414351105041,0.9678846934632562,0.9702748140687165,1463009
cv300k,1,0.0,12.0,0.9816538139084667,1.0,fold,thr,,,0.65,0.9704243310653382,0.9722289890377588,0.9703176713594809,1456746
cv300k,1,0.0,12.0,0.9816538139084667,1.0,fold,thr,,,0.7,0.9704663789704917,0.9765732846122614,0.970105445890981,1450029
cv300k,1,0.0,12.0,0.9816538139084667,1.0,fold,thr,,,0.75,0.9701266032290159,0.9798619569630532,0.9695512199810223,1442520
cv300k,1,0.0,12.0,0.9816538139084667,1.0,fold,thr,,,0.8,0.9693664560881585,0.9831912302070646,0.9685493780802478,1434118
cv300k,1,0.0,12.0,0.9816538139084667,1.0,global,expF,0.0,0.0,,0.9710079695078332,0.9505887129516849,0.9722147975779641,1447783
cv300k,1,0.0,12.0,0.9816538139084667,1.0,global,expF,0.0,0.2,,0.9710170335887657,0.952090946000812,0.9721356117160395,1449164
cv300k,1,0.0,12.0,0.9816538139084667,1.0,global,expF,0.0,0.4,,0.970989157894413,0.9529841656516443,0.9720532970309831,1450539
cv300k,1,0.0,12.0,0.9816538139084667,1.0,global,expF,0.4,0.0,,0.9710282529495103,0.9511977263499797,0.9722002856373795,1447739
cv300k,1,0.0,12.0,0.9816538139084667,1.0,global,expF,0.4,0.2,,0.9710280182052857,0.9524969549330086,0.9721232494280708,1449128
cv300k,1,0.0,12.0,0.9816538139084667,1.0,global,expF,0.4,0.4,,0.9709986320418719,0.9533495736906212,0.9720417346137554,1450505
cv300k,1,0.0,12.0,0.9816538139084667,1.0,global,expF,0.5,0.0,,0.9711331680217201,0.9582216808769793,0.9718962685327773,1447322
cv300k,1,0.0,12.0,0.9816538139084667,1.0,global,expF,0.5,0.2,,0.9711182601494736,0.9582216808769793,0.9718804795687711,1448766
cv300k,1,0.0,12.0,0.9816538139084667,1.0,global,expF,0.5,0.4,,0.9710868059562414,0.9582216808769793,0.9718471663556864,1450174
cv300k,1,0.0,12.0,0.9816538139084667,1.0,global,expF,0.6,0.0,,0.9710302139374717,0.9679252943564759,0.9712137222887939,1446658
cv300k,1,0.0,12.0,0.9816538139084667,1.0,global,expF,0.6,0.2,,0.9710139214685859,0.9679252943564759,0.9711964668950959,1448092
cv300k,1,0.0,12.0,0.9816538139084667,1.0,global,expF,0.6,0.4,,0.9709814782777542,0.9679252943564759,0.9711621062322313,1449488
cv300k,1,0.0,12.0,0.9816538139084667,1.0,global,expF,0.7,0.0,,0.9707098817803506,0.9765732846122614,0.9703633403132518,1445884
cv300k,1,0.0,12.0,0.9816538139084667,1.0,global,expF,0.7,0.2,,0.9706933555483958,0.9765732846122614,0.9703458373405147,1447308
cv300k,1,0.0,12.0,0.9816538139084667,1.0,global,expF,0.7,0.4,,0.9706587071381233,0.9765732846122614,0.9703091411243399,1448695
cv300k,1,0.0,12.0,0.9816538139084667,1.0,global,thr,,,0.5,0.9687194402751589,0.9582216808769793,0.9693398835650685,1476499
cv300k,1,0.0,12.0,0.9816538139084667,1.0,global,thr,,,0.55,0.9696468114040439,0.9636622005684125,0.9700005165610062,1469346
cv300k,1,0.0,12.0,0.9816538139084667,1.0,global,thr,,,0.6,0.9701646709224091,0.9679252943564759,0.9702970235617879,1462917
cv300k,1,0.0,12.0,0.9816538139084667,1.0,global,thr,,,0.65,0.9704324465393409,0.9722695899309785,0.9703238668656498,1456707
cv300k,1,0.0,12.0,0.9816538139084667,1.0,global,thr,,,0.7,0.9704692692548499,0.9765732846122614,0.9701085069982233,1450012
cv300k,1,0.0,12.0,0.9816538139084667,1.0,global,thr,,,0.75,0.9701263243717,0.9798619569630532,0.9695509246425561,1442515
cv300k,1,0.0,12.0,0.9816538139084667,1.0,global,thr,,,0.8,0.969366014104314,0.9831912302070646,0.9685489099740756,1434116
cv300k,2,0.0,12.0,0.9817661057228058,1.0,none,expF,0.0,0.0,,0.9707134148641695,0.9458614247421006,0.9721817230759303,1447277
cv300k,2,0.0,12.0,0.9817661057228058,1.0,none,expF,0.0,0.2,,0.9707381514232938,0.9472423036308992,0.9721263358739716,1448732
cv300k,2,0.0,12.0,0.9817661057228058,1.0,none,expF,0.0,0.4,,0.9707532474618447,0.9488668670294859,0.9720463411721152,1450049
cv300k,2,0.0,12.0,0.9817661057228058,1.0,none,expF,0.4,0.0,,0.9707399678150095,0.9469580050361466,0.972145056545066,1447183
cv300k,2,0.0,12.0,0.9817661057228058,1.0,none,expF,0.4,0.2,,0.9707533435707171,0.9480951994151572,0.9720920347163136,1448644
cv300k,2,0.0,12.0,0.9817661057228058,1.0,none,expF,0.4,0.4,,0.9707623339794593,0.9495573064738851,0.9720151719157418,1449971
cv300k,2,0.0,12.0,0.9817661057228058,1.0,none,expF,0.5,0.0,,0.9709146136310646,0.9559743318983023,0.9717973171186518,1446680
cv300k,2,0.0,12.0,0.9817661057228058,1.0,none,expF,0.5,0.2,,0.9709160853262824,0.9559743318983023,0.9717988757647399,1448186
cv300k,2,0.0,12.0,0.9817661057228058,1.0,none,expF,0.5,0.4,,0.970898049536573,0.9559743318983023,0.9717797743823758,1449569
cv300k,2,0.0,12.0,0.9817661057228058,1.0,none,expF,0.6,0.0,,0.9709099494039559,0.9670213630086915,0.9711396953240317,1445987
cv300k,2,0.0,12.0,0.9817661057228058,1.0,none,expF,0.6,0.2,,0.9709085031475784,0.9670213630086915,0.9711381636197642,1447481
cv300k,2,0.0,12.0,0.9817661057228058,1.0,none,expF,0.6,0.4,,0.970890247081131,0.9670213630086915,0.9711188289462458,1448859
cv300k,2,0.0,12.0,0.9817661057228058,1.0,none,expF,0.7,0.0,,0.9706567766440767,0.9759564617009179,0.9703436600264342,1445235
cv300k,2,0.0,12.0,0.9817661057228058,1.0,none,expF,0.7,0.2,,0.9706540536817072,0.9759564617009179,0.9703407761856807,1446717
cv300k,2,0.0,12.0,0.9817661057228058,1.0,none,expF,0.7,0.4,,0.9706315047495192,0.9759564617009179,0.9703168950148217,1448084
cv300k,2,0.0,12.0,0.9817661057228058,1.0,none,thr,,,0.5,0.9682606583849153,0.9559743318983023,0.9689865605756073,1477527
cv300k,2,0.0,12.0,0.9817661057228058,1.0,none,thr,,,0.55,0.9693835817965335,0.9619039883031435,0.969825492021551,1469456
cv300k,2,0.0,12.0,0.9817661057228058,1.0,none,thr,,,0.6,0.9700878307785721,0.9670213630086915,0.9702690041890515,1462621
cv300k,2,0.0,12.0,0.9817661057228058,1.0,none,thr,,,0.65,0.9704537802480971,0.971570140524734,0.9703878233185548,1456112
cv300k,2,0.0,12.0,0.9817661057228058,1.0,none,thr,,,0.7,0.9705078134298114,0.9759564617009179,0.9701858957499732,1449086
cv300k,2,0.0,12.0,0.9817661057228058,1.0,none,thr,,,0.75,0.9701624581596084,0.9795305011778085,0.9696089743370176,1441474
cv300k,2,0.0,12.0,0.9817661057228058,1.0,none,thr,,,0.8,0.9693805958287589,0.9835512955893104,0.9685433608740285,1432777
cv300k,2,0.0,12.0,0.9817661057228058,1.0,fold,expF,0.0,0.0,,0.9707566451786956,0.9468361627812525,0.9721699179411958,1447073
cv300k,2,0.0,12.0,0.9817661057228058,1.0,fold,expF,0.0,0.2,,0.9707912201598948,0.9482576557550159,0.972122550869967,1448510
cv300k,2,0.0,12.0,0.9817661057228058,1.0,fold,expF,0.0,0.4,,0.9708147802614859,0.9500446754934612,0.9720419220412879,1449846
cv300k,2,0.0,12.0,0.9817661057228058,1.0,fold,expF,0.4,0.0,,0.9707693979349322,0.9476484444805459,0.9721354328341119,1446995
cv300k,2,0.0,12.0,0.9817661057228058,1.0,fold,expF,0.4,0.2,,0.9707953191871357,0.9488668670294859,0.9720908985840425,1448440
cv300k,2,0.0,12.0,0.9817661057228058,1.0,fold,expF,0.4,0.4,,0.9708143920186266,0.9504914304280725,0.9720151156324756,1449788
cv300k,2,0.0,12.0,0.9817661057228058,1.0,fold,expF,0.5,0.0,,0.9709349135049666,0.956136788238161,0.9718092180874642,1446521
cv300k,2,0.0,12.0,0.9817661057228058,1.0,fold,expF,0.5,0.2,,0.9709385327355545,0.956136788238161,0.9718130511498607,1448009
cv300k,2,0.0,12.0,0.9817661057228058,1.0,fold,expF,0.5,0.4,,0.9709105656535347,0.956136788238161,0.9717834317134023,1449413
cv300k,2,0.0,12.0,0.9817661057228058,1.0,fold,expF,0.6,0.0,,0.9709211864634913,0.9670213630086915,0.971151596292844,1445835
cv300k,2,0.0,12.0,0.9817661057228058,1.0,fold,expF,0.6,0.2,,0.9709236728422838,0.9670213630086915,0.9711542295721614,1447314
cv300k,2,0.0,12.0,0.9817661057228058,1.0,fold,expF,0.6,0.4,,0.9708947302489952,0.9670213630086915,0.9711235769891624,1448710
cv300k,2,0.0,12.0,0.9817661057228058,1.0,fold,expF,0.7,0.0,,0.9706683913208775,0.9759564617009179,0.9703559609229399,1445085
cv300k,2,0.0,12.0,0.9817661057228058,1.0,fold,expF,0.7,0.2,,0.9706692233764123,0.9759564617009179,0.9703568421380779,1446551
cv300k,2,0.0,12.0,0.9817661057228058,1.0,fold,expF,0.7,0.4,,0.9706372875092703,0.9759564617009179,0.9703230194322663,1447939
cv300k,2,0.0,12.0,0.9817661057228058,1.0,fold,thr,,,0.5,0.9683020374348165,0.956136788238161,0.9690207861227819,1477371
cv300k,2,0.0,12.0,0.9817661057228058,1.0,fold,thr,,,0.55,0.9693947505958458,0.9619039883031435,0.9698373206971816,1469417
cv300k,2,0.0,12.0,0.9817661057228058,1.0,fold,thr,,,0.6,0.9700914856865,0.9670213630086915,0.9702728750366808,1462609
cv300k,2,0.0,12.0,0.9817661057228058,1.0,fold,thr,,,0.65,0.9704549081204902,0.971570140524734,0.9703890178280375,1456105
cv300k,2,0.0,12.0,0.9817661057228058,1.0,fold,thr,,,0.7,0.9705081488135667,0.9759564617009179,0.9701862509489111,1449084
cv300k,2,0.0,12.0,0.9817661057228058,1.0,fold,thr,,,0.75,0.9701624581596084,0.9795305011778085,0.9696089743370176,1441474
cv300k,2,0.0,12.0,0.9817661057228058,1.0,fold,thr,,,0.8,0.9693805958287589,0.9835512955893104,0.9685433608740285,1432777
cv300k,2,0.0,12.0,0.9817661057228058,1.0,global,expF,0.0,0.0,,0.9708017288730854,0.9479327430752985,0.9721528769894572,1446772
cv300k,2,0.0,12.0,0.9817661057228058,1.0,global,expF,0.0,0.2,,0.9708333524897739,0.9491917797092031,0.9721119824454857,1448226
cv300k,2,0.0,12.0,0.9817661057228058,1.0,global,expF,0.0,0.4,,0.9708412659400514,0.9508975712777191,0.9720195816605115,1449550
cv300k,2,0.0,12.0,0.9817661057228058,1.0,global,expF,0.4,0.0,,0.9708021281502153,0.9484201120948745,0.9721245050628244,1446718
cv300k,2,0.0,12.0,0.9817661057228058,1.0,global,expF,0.4,0.2,,0.9708312478047998,0.9495573064738851,0.9720881573158396,1448179
cv300k,2,0.0,12.0,0.9817661057228058,1.0,global,expF,0.4,0.4,,0.9708317168004191,0.9511006417025425,0.9719974705066929,1449512
cv300k,2,0.0,12.0,0.9817661057228058,1.0,global,expF,0.5,0.0,,0.9709540494987001,0.9562180164080903,0.9718246855439198,1446290
cv300k,2,0.0,12.0,0.9817661057228058,1.0,global,expF,0.5,0.2,,0.9709616223661994,0.9562180164080903,0.9718327058324703,1447789
cv300k,2,0.0,12.0,0.9817661057228058,1.0,global,expF,0.5,0.4,,0.9709259929494369,0.9562180164080903,0.9717949713543038,1449179
cv300k,2,0.0,12.0,0.9817661057228058,1.0,global,expF,0.6,0.0,,0.9709495748975773,0.9671025911786207,0.9711768628434243,1445615
cv300k,2,0.0,12.0,0.9817661057228058,1.0,global,expF,0.6,0.2,,0.9709555735424513,0.9671025911786207,0.9711832159009424,1447104
cv300k,2,0.0,12.0,0.9817661057228058,1.0,global,expF,0.6,0.4,,0.9709189686144203,0.9671025911786207,0.9711444482762356,1448484
cv300k,2,0.0,12.0,0.9817661057228058,1.0,global,expF,0.7,0.0,,0.9706983703246564,0.9759970757858826,0.9703853115835975,1444875
cv300k,2,0.0,12.0,0.9817661057228058,1.0,global,expF,0.7,0.2,,0.9707025086732194,0.9759970757858826,0.9703896944345587,1446351
cv300k,2,0.0,12.0,0.9817661057228058,1.0,global,expF,0.7,0.4,,0.9706632880886,0.9759970757858826,0.9703481566147324,1447725
cv300k,2,0.0,12.0,0.9817661057228058,1.0,global,thr,,,0.5,0.9684497691257974,0.9562180164080903,0.9691724469826377,1476610
cv300k,2,0.0,12.0,0.9817661057228058,1.0,global,thr,,,0.55,0.9694416326797645,0.9619446023881082,0.9698845731077538,1469186
cv300k,2,0.0,12.0,0.9817661057228058,1.0,global,thr,,,0.6,0.9701077017264442,0.9671025911786207,0.9702852500222927,1462516
cv300k,2,0.0,12.0,0.9817661057228058,1.0,global,thr,,,0.65,0.9704654745854696,0.9716513686946633,0.9703954094498303,1456063
cv300k,2,0.0,12.0,0.9817661057228058,1.0,global,thr,,,0.7,0.9705117527289928,0.9759970757858826,0.970187668225135,1449072
cv300k,2,0.0,12.0,0.9817661057228058,1.0,global,thr,,,0.75,0.9701599564452259,0.9795305011778085,0.9696063248160509,1441472
cv300k,2,0.0,12.0,0.9817661057228058,1.0,global,thr,,,0.8,0.9693783301251674,0.9835512955893104,0.96854096130787,1432776
cv300k,3,0.0,12.0,0.9816345066442801,1.0,none,expF,0.0,0.0,,0.9708023078512283,0.9435700888852646,0.9724046027532268,1447325
cv300k,3,0.0,12.0,0.9816345066442801,1.0,none,expF,0.0,0.2,,0.9707985560126794,0.9448340536573432,0.9723262607439347,1448718
cv300k,3,0.0,12.0,0.9816345066442801,1.0,none,expF,0.0,0.4,,0.9708010709530546,0.9461795645437495,0.9722497562125431,1450063
cv300k,3,0.0,12.0,0.9816345066442801,1.0,none,expF,0.4,0.0,,0.9708209679033302,0.9445078692000326,0.9723691834182234,1447246
cv300k,3,0.0,12.0,0.9816345066442801,1.0,none,expF,0.4,0.2,,0.9708079276608799,0.9454864225719645,0.9722977995866897,1448648
cv300k,3,0.0,12.0,0.9816345066442801,1.0,none,expF,0.4,0.4,,0.9708088677656146,0.946750387344043,0.9722244255862055,1449998
cv300k,3,0.0,12.0,0.9816345066442801,1.0,none,expF,0.5,0.0,,0.9709360060544338,0.9533556226045828,0.9719704042726651,1446715
cv300k,3,0.0,12.0,0.9816345066442801,1.0,none,expF,0.5,0.2,,0.9709268678570578,0.9533556226045828,0.9719607284001518,1448158
cv300k,3,0.0,12.0,0.9816345066442801,1.0,none,expF,0.5,0.4,,0.970900062083683,0.9533556226045828,0.9719323454231683,1449540
cv300k,3,0.0,12.0,0.9816345066442801,1.0,none,expF,0.6,0.0,,0.9709750681902009,0.9660768164396967,0.9712632725344134,1445942
cv300k,3,0.0,12.0,0.9816345066442801,1.0,none,expF,0.6,0.2,,0.97096630761009,0.9660768164396967,0.9712539964974876,1447373
cv300k,3,0.0,12.0,0.9816345066442801,1.0,none,expF,0.6,0.4,,0.9709385406291309,0.9660768164396967,0.9712245957571902,1448744
cv300k,3,0.0,12.0,0.9816345066442801,1.0,none,expF,0.7,0.0,,0.9706422895229428,0.9745168392726087,0.9704143179676616,1445182
cv300k,3,0.0,12.0,0.9816345066442801,1.0,none,expF,0.7,0.2,,0.9706256871286808,0.9745168392726087,0.9703967387183103,1446597
cv300k,3,0.0,12.0,0.9816345066442801,1.0,none,expF,0.7,0.4,,0.9705962838062386,0.9745168392726087,0.9703656053571335,1447955
cv300k,3,0.0,12.0,0.9816345066442801,1.0,none,thr,,,0.5,0.9682918647177886,0.9533556226045828,0.9691706864040756,1477016
cv300k,3,0.0,12.0,0.9816345066442801,1.0,none,thr,,,0.55,0.9694756365420301,0.9605724537225802,0.9699994838444109,1468868
cv300k,3,0.0,12.0,0.9816345066442801,1.0,none,thr,,,0.6,0.9701419421836549,0.9660768164396967,0.9703811268884954,1462107
cv300k,3,0.0,12.0,0.9816345066442801,1.0,none,thr,,,0.65,0.9704096255097948,0.970439533556226,0.970407865774006,1455593
cv300k,3,0.0,12.0,0.9816345066442801,1.0,none,thr,,,0.7,0.9704321829789361,0.9745168392726087,0.9701918491315935,1448935
cv300k,3,0.0,12.0,0.9816345066442801,1.0,none,thr,,,0.75,0.9700594694569916,0.9781456413601892,0.9695836936109846,1441395
cv300k,3,0.0,12.0,0.9816345066442801,1.0,none,thr,,,0.8,0.9692824822275694,0.9822637201337356,0.9685186894810189,1432884
cv300k,3,0.0,12.0,0.9816345066442801,1.0,fold,expF,0.0,0.0,,0.9708476747261471,0.9446301883715241,0.9723902645819987,1447082
cv300k,3,0.0,12.0,0.9816345066442801,1.0,fold,expF,0.0,0.2,,0.9708474533553877,0.9458941531436027,0.9723156607668865,1448487
cv300k,3,0.0,12.0,0.9816345066442801,1.0,fold,expF,0.0,0.4,,0.9708413873791107,0.9471173448585175,0.9722372674736801,1449865
cv300k,3,0.0,12.0,0.9816345066442801,1.0,fold,expF,0.4,0.0,,0.9708601539519288,0.9453233303433092,0.9723626948330983,1447022
cv300k,3,0.0,12.0,0.9816345066442801,1.0,fold,expF,0.4,0.2,,0.9708524423547215,0.9463426567724048,0.9722945541612072,1448438
cv300k,3,0.0,12.0,0.9816345066442801,1.0,fold,expF,0.4,0.4,,0.9708464199025126,0.9475250754301557,0.9722186059664728,1449818
cv300k,3,0.0,12.0,0.9816345066442801,1.0,fold,expF,0.5,0.0,,0.9709447116119797,0.9533963956617467,0.9719772230360711,1446526
cv300k,3,0.0,12.0,0.9816345066442801,1.0,fold,expF,0.5,0.2,,0.9709407955524131,0.9533963956617467,0.9719730765625861,1447982
cv300k,3,0.0,12.0,0.9816345066442801,1.0,fold,expF,0.5,0.4,,0.9709096705429511,0.9533963956617467,0.971940120213414,1449390
cv300k,3,0.0,12.0,0.9816345066442801,1.0,fold,expF,0.6,0.0,,0.9709805010647808,0.9660768164396967,0.9712690250695858,1445759
cv300k,3,0.0,12.0,0.9816345066442801,1.0,fold,expF,0.6,0.2,,0.9709769626224797,0.9660768164396967,0.9712652784316883,1447202
cv300k,3,0.0,12.0,0.9816345066442801,1.0,fold,expF,0.6,0.4,,0.9709458833848074,0.9660768164396967,0.971232370547436,1448600
cv300k,3,0.0,12.0,0.9816345066442801,1.0,fold,expF,0.7,0.0,,0.9706482597858664,0.9745168392726087,0.9704206395101435,1445004
cv300k,3,0.0,12.0,0.9816345066442801,1.0,fold,expF,0.7,0.2,,0.9706368353923308,0.9745168392726087,0.9704085429257905,1446431
cv300k,3,0.0,12.0,0.9816345066442801,1.0,fold,expF,0.7,0.4,,0.9706036784423463,0.9745168392726087,0.9703734350803614,1447815
cv300k,3,0.0,12.0,0.9816345066442801,1.0,fold,thr,,,0.5,0.968337271327837,0.9533963956617467,0.9692163656440619,1476768
cv300k,3,0.0,12.0,0.9816345066442801,1.0,fold,thr,,,0.55,0.9694910255313599,0.9606132267797439,0.9700133792807353,1468777
cv300k,3,0.0,12.0,0.9816345066442801,1.0,fold,thr,,,0.6,0.9701451487399284,0.9660768164396967,0.9703845221127866,1462070
cv300k,3,0.0,12.0,0.9816345066442801,1.0,fold,thr,,,0.65,0.9704133559437488,0.970439533556226,0.9704118157000005,1455570
cv300k,3,0.0,12.0,0.9816345066442801,1.0,fold,thr,,,0.7,0.9704341414221817,0.9745168392726087,0.9701939228061257,1448924
cv300k,3,0.0,12.0,0.9816345066442801,1.0,fold,thr,,,0.75,0.9700591212644484,0.9781456413601892,0.9695833249314167,1441390
cv300k,3,0.0,12.0,0.9816345066442801,1.0,fold,thr,,,0.8,0.9692824822275694,0.9822637201337356,0.9685186894810189,1432884
cv300k,3,0.0,12.0,0.9816345066442801,1.0,global,expF,0.0,0.0,,0.9708945998103089,0.9461795645437495,0.9723487881399417,1446753
cv300k,3,0.0,12.0,0.9816345066442801,1.0,global,expF,0.0,0.2,,0.970889713730987,0.9472804370871728,0.9722788412072874,1448178
cv300k,3,0.0,12.0,0.9816345066442801,1.0,global,expF,0.0,0.4,,0.9708687416082906,0.9482589904591047,0.9721990587979061,1449559
cv300k,3,0.0,12.0,0.9816345066442801,1.0,global,expF,0.4,0.0,,0.9708910835560335,0.9465465220582239,0.9723234738738434,1446710
cv300k,3,0.0,12.0,0.9816345066442801,1.0,global,expF,0.4,0.2,,0.9708875640915763,0.9475250754301557,0.9722621710057973,1448145
cv300k,3,0.0,12.0,0.9816345066442801,1.0,global,expF,0.4,0.4,,0.9708668414660018,0.9485036288020876,0.9721826527735005,1449525
cv300k,3,0.0,12.0,0.9816345066442801,1.0,global,expF,0.5,0.0,,0.9709660046196396,0.953559487890402,0.9719901728319937,1446279
cv300k,3,0.0,12.0,0.9816345066442801,1.0,global,expF,0.5,0.2,,0.9709672876721971,0.953559487890402,0.9719915313770617,1447754
cv300k,3,0.0,12.0,0.9816345066442801,1.0,global,expF,0.5,0.4,,0.970932241745851,0.953559487890402,0.9719544234112911,1449166
cv300k,3,0.0,12.0,0.9816345066442801,1.0,global,expF,0.6,0.0,,0.9709985213894753,0.9660768164396967,0.9712881056778517,1445527
cv300k,3,0.0,12.0,0.9816345066442801,1.0,global,expF,0.6,0.2,,0.9710005596765632,0.9660768164396967,0.9712902638940947,1446989
cv300k,3,0.0,12.0,0.9816345066442801,1.0,global,expF,0.6,0.4,,0.9709651819047417,0.9660768164396967,0.9712528045576564,1448390
cv300k,3,0.0,12.0,0.9816345066442801,1.0,global,expF,0.7,0.0,,0.9706666577278259,0.9745168392726087,0.970440119953997,1444775
cv300k,3,0.0,12.0,0.9816345066442801,1.0,global,expF,0.7,0.2,,0.9706604324464144,0.9745168392726087,0.970433528388197,1446219
cv300k,3,0.0,12.0,0.9816345066442801,1.0,global,expF,0.7,0.4,,0.9706237959503752,0.9745168392726087,0.9703947362664666,1447609
cv300k,3,0.0,12.0,0.9816345066442801,1.0,global,thr,,,0.5,0.9684963110492321,0.953559487890402,0.9693751669232009,1475956
cv300k,3,0.0,12.0,0.9816345066442801,1.0,global,thr,,,0.55,0.9695458739289552,0.9606947728940716,0.970066656832581,1468523
cv300k,3,0.0,12.0,0.9816345066442801,1.0,global,thr,,,0.6,0.9701683868054645,0.9660768164396967,0.9704091274644034,1461970
cv300k,3,0.0,12.0,0.9816345066442801,1.0,global,thr,,,0.65,0.9704257876783846,0.970439533556226,0.9704249788955962,1455523
cv300k,3,0.0,12.0,0.9816345066442801,1.0,global,thr,,,0.7,0.9704406011721948,0.9745168392726087,0.970200762636239,1448908
cv300k,3,0.0,12.0,0.9816345066442801,1.0,global,thr,,,0.75,0.9700603618987123,0.9781456413601892,0.969584638562375,1441386
cv300k,3,0.0,12.0,0.9816345066442801,1.0,global,thr,,,0.8,0.9692831736003567,0.9822637201337356,0.9685194215329403,1432882
cv300k,4,0.0,12.0,0.9818300727189884,1.0,none,expF,0.0,0.0,,0.970869280868756,0.9488370214827976,0.9721789469067634,1445992
cv300k,4,0.0,12.0,0.9818300727189884,1.0,none,expF,0.0,0.2,,0.9709064196453618,0.9503311258278145,0.9721294791175119,1447483
cv300k,4,0.0,12.0,0.9818300727189884,1.0,none,expF,0.0,0.4,,0.9708738876937034,0.9514214181876918,0.9720302029957841,1448833
cv300k,4,0.0,12.0,0.9818300727189884,1.0,none,expF,0.4,0.0,,0.9708895986392753,0.949644645453077,0.9721524647475399,1445929
cv300k,4,0.0,12.0,0.9818300727189884,1.0,none,expF,0.4,0.2,,0.970918681580889,0.9509772250040381,0.9721040637956493,1447426
cv300k,4,0.0,12.0,0.9818300727189884,1.0,none,expF,0.4,0.4,,0.9708731847697897,0.9517444677758036,0.9720102552153949,1448792
cv300k,4,0.0,12.0,0.9818300727189884,1.0,none,expF,0.5,0.0,,0.9709767951561762,0.9578016475528993,0.9717599669162519,1445435
cv300k,4,0.0,12.0,0.9818300727189884,1.0,none,expF,0.5,0.2,,0.9709831311530013,0.9578016475528993,0.9717666795444387,1446982
cv300k,4,0.0,12.0,0.9818300727189884,1.0,none,expF,0.5,0.4,,0.9709537917836764,0.9578016475528993,0.9717355961517296,1448389
cv300k,4,0.0,12.0,0.9818300727189884,1.0,none,expF,0.6,0.0,,0.9710244579244052,0.9687853335486998,0.971157558442984,1444761
cv300k,4,0.0,12.0,0.9818300727189884,1.0,none,expF,0.6,0.2,,0.97103079392123,0.9687853335486998,0.9711642710711709,1446303
cv300k,4,0.0,12.0,0.9818300727189884,1.0,none,expF,0.6,0.4,,0.9710017504338317,0.9687853335486998,0.9711335011485303,1447698
cv300k,4,0.0,12.0,0.9818300727189884,1.0,none,expF,0.7,0.0,,0.9707974626986673,0.9768211920529801,0.970439393486641,1444102
cv300k,4,0.0,12.0,0.9818300727189884,1.0,none,expF,0.7,0.2,,0.9708054350369753,0.9768211920529801,0.970447839725539,1445628
cv300k,4,0.0,12.0,0.9818300727189884,1.0,none,expF,0.7,0.4,,0.9707742680654748,0.9768211920529801,0.9704148200922953,1447015
cv300k,4,0.0,12.0,0.9818300727189884,1.0,none,thr,,,0.5,0.9683890814013718,0.9578016475528993,0.9690184314057491,1476803
cv300k,4,0.0,12.0,0.9818300727189884,1.0,none,thr,,,0.55,0.9695364572810176,0.9641011145210789,0.9698595509634639,1468630
cv300k,4,0.0,12.0,0.9818300727189884,1.0,none,thr,,,0.6,0.9702309892465575,0.9687853335486998,0.9703169235185253,1461539
cv300k,4,0.0,12.0,0.9818300727189884,1.0,none,thr,,,0.65,0.9705799689435729,0.9728234534000969,0.9704466092482263,1454989
cv300k,4,0.0,12.0,0.9818300727189884,1.0,none,thr,,,0.7,0.9705876466298295,0.9768211920529801,0.970217105297955,1448004
cv300k,4,0.0,12.0,0.9818300727189884,1.0,none,thr,,,0.75,0.9701374244974217,0.9803747375222096,0.9695288867639943,1440110
cv300k,4,0.0,12.0,0.9818300727189884,1.0,none,thr,,,0.8,0.9691875902808428,0.9835648522048135,0.9683329611058905,1431321
cv300k,4,0.0,12.0,0.9818300727189884,1.0,fold,expF,0.0,0.0,,0.9709113980987786,0.9500080762397028,0.9721539565781789,1445765
cv300k,4,0.0,12.0,0.9818300727189884,1.0,fold,expF,0.0,0.2,,0.9709156391471787,0.951138749798094,0.9720912389739688,1447284
cv300k,4,0.0,12.0,0.9818300727189884,1.0,fold,expF,0.0,0.4,,0.9709065984764558,0.9523905669520272,0.9720072489917485,1448640
cv300k,4,0.0,12.0,0.9818300727189884,1.0,fold,expF,0.4,0.0,,0.9709221266793497,0.9506137942174123,0.972129317138033,1445714
cv300k,4,0.0,12.0,0.9818300727189884,1.0,fold,expF,0.4,0.2,,0.9709223626961487,0.9516637053787756,0.9720671571988069,1447236
cv300k,4,0.0,12.0,0.9818300727189884,1.0,fold,expF,0.4,0.4,,0.970904888573168,0.952673235341625,0.9719886347580599,1448604
cv300k,4,0.0,12.0,0.9818300727189884,1.0,fold,expF,0.5,0.0,,0.9709851556912735,0.9578016475528993,0.9717688244275644,1445261
cv300k,4,0.0,12.0,0.9818300727189884,1.0,fold,expF,0.5,0.2,,0.9709918291833566,0.9578016475528993,0.9717758946127772,1446833
cv300k,4,0.0,12.0,0.9818300727189884,1.0,fold,expF,0.5,0.4,,0.970963216168404,0.9578016475528993,0.9717455807512037,1448241
cv300k,4,0.0,12.0,0.9818300727189884,1.0,fold,expF,0.6,0.0,,0.9710334478216113,0.9687853335486998,0.9711670827276468,1444591
cv300k,4,0.0,12.0,0.9818300727189884,1.0,fold,expF,0.6,0.2,,0.9710393660791637,0.9687853335486998,0.9711733527848393,1446159
cv300k,4,0.0,12.0,0.9818300727189884,1.0,fold,expF,0.6,0.4,,0.9710110489461378,0.9687853335486998,0.9711433523933345,1447556
cv300k,4,0.0,12.0,0.9818300727189884,1.0,fold,expF,0.7,0.0,,0.9708064525958736,0.9768211920529801,0.9704489177713038,1443932
cv300k,4,0.0,12.0,0.9818300727189884,1.0,fold,expF,0.7,0.2,,0.9708137554500654,0.9768211920529801,0.9704566547298671,1445489
cv300k,4,0.0,12.0,0.9818300727189884,1.0,fold,expF,0.7,0.4,,0.9707835665777805,0.9768211920529801,0.9704246713370993,1446874
cv300k,4,0.0,12.0,0.9818300727189884,1.0,fold,thr,,,0.5,0.9684251000091969,0.9578016475528993,0.9690565910716736,1476602
cv300k,4,0.0,12.0,0.9818300727189884,1.0,fold,thr,,,0.55,0.9695479773649037,0.9641011145210789,0.9698717558369742,1468562
cv300k,4,0.0,12.0,0.9818300727189884,1.0,fold,thr,,,0.6,0.970235145397535,0.9687853335486998,0.970321326724046,1461515
cv300k,4,0.0,12.0,0.9818300727189884,1.0,fold,thr,,,0.65,0.9705793829518524,0.9728234534000969,0.9704459884233351,1454981
cv300k,4,0.0,12.0,0.9818300727189884,1.0,fold,thr,,,0.7,0.9705879820135849,0.9768211920529801,0.9702174606179641,1448002
cv300k,4,0.0,12.0,0.9818300727189884,1.0,fold,thr,,,0.75,0.9701374244974217,0.9803747375222096,0.9695288867639943,1440110
cv300k,4,0.0,12.0,0.9818300727189884,1.0,fold,thr,,,0.8,0.9691875902808428,0.9835648522048135,0.9683329611058905,1431321
cv300k,4,0.0,12.0,0.9818300727189884,1.0,global,expF,0.0,0.0,,0.970967243760287,0.9513810369891779,0.972131508821448,1445438
cv300k,4,0.0,12.0,0.9818300727189884,1.0,global,expF,0.0,0.2,,0.9709603180201095,0.952511710547569,0.9720569606400086,1446933
cv300k,4,0.0,12.0,0.9818300727189884,1.0,global,expF,0.0,0.4,,0.9709618547112417,0.9536423841059603,0.9719913779231217,1448296
cv300k,4,0.0,12.0,0.9818300727189884,1.0,global,expF,0.4,0.0,,0.9709681363101866,0.9517040865772897,0.9721132513547989,1445405
cv300k,4,0.0,12.0,0.9818300727189884,1.0,global,expF,0.4,0.2,,0.9709626180525435,0.9527943789371669,0.9720425947050955,1446903
cv300k,4,0.0,12.0,0.9818300727189884,1.0,global,expF,0.4,0.4,,0.9709596233364924,0.9538442900985301,0.9719770119882085,1448270
cv300k,4,0.0,12.0,0.9818300727189884,1.0,global,expF,0.5,0.0,,0.9710138456038182,0.9580035535454692,0.9717872178374547,1445007
cv300k,4,0.0,12.0,0.9818300727189884,1.0,global,expF,0.5,0.2,,0.9710192962286421,0.9580035535454692,0.9717929924643746,1446561
cv300k,4,0.0,12.0,0.9818300727189884,1.0,global,expF,0.5,0.4,,0.9710054944660951,0.9580035535454692,0.9717783702821255,1447974
cv300k,4,0.0,12.0,0.9818300727189884,1.0,global,expF,0.6,0.0,,0.9710552556186289,0.9687853335486998,0.971190186847961,1444355
cv300k,4,0.0,12.0,0.9818300727189884,1.0,global,expF,0.6,0.2,,0.9710599510089223,0.9687853335486998,0.9711951613468602,1445904
cv300k,4,0.0,12.0,0.9818300727189884,1.0,global,expF,0.6,0.4,,0.9710464451283015,0.9687853335486998,0.9711808526346799,1447307
cv300k,4,0.0,12.0,0.9818300727189884,1.0,global,expF,0.7,0.0,,0.9708288439832101,0.9768211920529801,0.970472640172361,1443701
cv300k,4,0.0,12.0,0.9818300727189884,1.0,global,expF,0.7,0.2,,0.9708349239701429,0.9768211920529801,0.9704790815726313,1445240
cv300k,4,0.0,12.0,0.9818300727189884,1.0,global,expF,0.7,0.4,,0.970819987721093,0.9768211920529801,0.9704632574664727,1446631
cv300k,4,0.0,12.0,0.9818300727189884,1.0,global,thr,,,0.5,0.9686055268923528,0.9580035535454692,0.9692357411697465,1475788
cv300k,4,0.0,12.0,0.9818300727189884,1.0,global,thr,,,0.55,0.9696117884281112,0.964141495719593,0.9699369596442268,1468309
cv300k,4,0.0,12.0,0.9818300727189884,1.0,global,thr,,,0.6,0.9702610372756176,0.9687853335486998,0.970348757695909,1461408
cv300k,4,0.0,12.0,0.9818300727189884,1.0,global,thr,,,0.65,0.9705902791416056,0.9728234534000969,0.9704575323165041,1454937
cv300k,4,0.0,12.0,0.9818300727189884,1.0,global,thr,,,0.7,0.9705932846713102,0.9768211920529801,0.9702230784821606,1447981
cv300k,4,0.0,12.0,0.9818300727189884,1.0,global,thr,,,0.75,0.9701381769488359,0.9803747375222096,0.9695296839434615,1440106
cv300k,4,0.0,12.0,0.9818300727189884,1.0,global,thr,,,0.8,0.9691877934707804,0.9835648522048135,0.9683331763740698,1431319
cv300k,0,0.01,4.644210574014704,0.9796997459932762,0.9980402887307936,none,expF,0.0,0.0,,0.9708782273169168,0.9477433717870877,0.9722499611187321,1448716
cv300k,0,0.01,4.644210574014704,0.9796997459932762,0.9980402887307936,none,expF,0.0,0.2,,0.9709163009349423,0.9493624772313297,0.9721942906978132,1450043
cv300k,0,0.01,4.644210574014704,0.9796997459932762,0.9980402887307936,none,expF,0.0,0.4,,0.9709264607025676,0.9504958510422992,0.9721378517928017,1451400
cv300k,0,0.01,4.644210574014704,0.9796997459932762,0.9980402887307936,none,expF,0.4,0.0,,0.9709030535524755,0.9487957903258449,0.9722138583765861,1448624
cv300k,0,0.01,4.644210574014704,0.9796997459932762,0.9980402887307936,none,expF,0.4,0.2,,0.9709333688697201,0.9502125075895568,0.9721619698343589,1449962
cv300k,0,0.01,4.644210574014704,0.9796997459932762,0.9980402887307936,none,expF,0.4,0.4,,0.9709433226647582,0.9512244484922081,0.9721125128592403,1451326
cv300k,0,0.01,4.644210574014704,0.9796997459932762,0.9980402887307936,none,expF,0.5,0.0,,0.971075437078206,0.9572151386359037,0.9718972550425344,1448171
cv300k,0,0.01,4.644210574014704,0.9796997459932762,0.9980402887307936,none,expF,0.5,0.2,,0.9710844603879342,0.9572151386359037,0.9719068133709032,1449559
cv300k,0,0.01,4.644210574014704,0.9796997459932762,0.9980402887307936,none,expF,0.5,0.4,,0.971072633807913,0.9572151386359037,0.9718942855580797,1450946
cv300k,0,0.01,4.644210574014704,0.9796997459932762,0.9980402887307936,none,expF,0.6,0.0,,0.9711044804390158,0.9674964582068407,0.9713184107160902,1447528
cv300k,0,0.01,4.644210574014704,0.9796997459932762,0.9980402887307936,none,expF,0.6,0.2,,0.9711111121781489,0.9674964582068407,0.9713254356705916,1448907
cv300k,0,0.01,4.644210574014704,0.9796997459932762,0.9980402887307936,none,expF,0.6,0.4,,0.9710950374135187,0.9674964582068407,0.9713084077857669,1450283
cv300k,0,0.01,4.644210574014704,0.9796997459932762,0.9980402887307936,none,expF,0.7,0.0,,0.9708035060140168,0.9759158065168995,0.9705003826426261,1446793
cv300k,0,0.01,4.644210574014704,0.9796997459932762,0.9980402887307936,none,expF,0.7,0.2,,0.9708102816070207,0.9759158065168995,0.970507559980518,1448165
cv300k,0,0.01,4.644210574014704,0.9796997459932762,0.9980402887307936,none,expF,0.7,0.4,,0.9707933572054683,0.9759158065168995,0.9704896320812929,1449534
cv300k,0,0.01,4.644210574014704,0.9796997459932762,0.9980402887307936,none,thr,,,0.5,0.9685878071384101,0.9572151386359037,0.9692621261883656,1477769
cv300k,0,0.01,4.644210574014704,0.9796997459932762,0.9980402887307936,none,thr,,,0.55,0.9696955301991584,0.9625177089657964,0.9701211243852339,1470173
cv300k,0,0.01,4.644210574014704,0.9796997459932762,0.9980402887307936,none,thr,,,0.6,0.9703288740077384,0.9674964582068407,0.9704968162924817,1463662
cv300k,0,0.01,4.644210574014704,0.9796997459932762,0.9980402887307936,none,thr,,,0.65,0.9706034547342477,0.9717466099979761,0.9705356736878539,1457228
cv300k,0,0.01,4.644210574014704,0.9796997459932762,0.9980402887307936,none,thr,,,0.7,0.970618353151994,0.9759158065168995,0.9703042515214556,1450700
cv300k,0,0.01,4.644210574014704,0.9796997459932762,0.9980402887307936,none,thr,,,0.75,0.9702882133964904,0.9797207043108682,0.9697289331967119,1443253
cv300k,0,0.01,4.644210574014704,0.9796997459932762,0.9980402887307936,none,thr,,,0.8,0.9696582596197295,0.9829589151993524,0.9688696245309412,1434900
cv300k,0,0.01,4.644210574014704,0.9796997459932762,0.9980402887307936,fold,expF,0.0,0.0,,0.9709093461675768,0.9485529245092087,0.9722349243297954,1448547
cv300k,0,0.01,4.644210574014704,0.9796997459932762,0.9980402887307936,fold,expF,0.0,0.2,,0.9709491970753077,0.9502529852256628,0.9721763365025277,1449875
cv300k,0,0.01,4.644210574014704,0.9796997459932762,0.9980402887307936,fold,expF,0.0,0.4,,0.9709574802729293,0.9513054037644202,0.9721227098369448,1451226
cv300k,0,0.01,4.644210574014704,0.9796997459932762,0.9980402887307936,fold,expF,0.4,0.0,,0.9709263683306685,0.9494434325035418,0.9722001549423163,1448465
cv300k,0,0.01,4.644210574014704,0.9796997459932762,0.9980402887307936,fold,expF,0.4,0.2,,0.9709603490196667,0.9509411050394657,0.9721473490257408,1449805
cv300k,0,0.01,4.644210574014704,0.9796997459932762,0.9980402887307936,fold,expF,0.4,0.4,,0.9709684262447015,0.9518720906699049,0.972100704290051,1451165
cv300k,0,0.01,4.644210574014704,0.9796997459932762,0.9980402887307936,fold,expF,0.5,0.0,,0.9710789817574428,0.9572151386359037,0.9719010098962552,1448041
cv300k,0,0.01,4.644210574014704,0.9796997459932762,0.9980402887307936,fold,expF,0.5,0.2,,0.9710875166584177,0.9572151386359037,0.9719100508566758,1449435
cv300k,0,0.01,4.644210574014704,0.9796997459932762,0.9980402887307936,fold,expF,0.5,0.4,,0.9710779672888996,0.9572151386359037,0.971899935276881,1450816
cv300k,0,0.01,4.644210574014704,0.9796997459932762,0.9980402887307936,fold,expF,0.6,0.0,,0.9711080251182524,0.9674964582068407,0.971322165569811,1447398
cv300k,0,0.01,4.644210574014704,0.9796997459932762,0.9980402887307936,fold,expF,0.6,0.2,,0.9711141684486325,0.9674964582068407,0.9713286731563642,1448783
cv300k,0,0.01,4.644210574014704,0.9796997459932762,0.9980402887307936,fold,expF,0.6,0.4,,0.9711019757642466,0.9674964582068407,0.9713157575317687,1450155
cv300k,0,0.01,4.644210574014704,0.9796997459932762,0.9980402887307936,fold,expF,0.7,0.0,,0.9708059634899642,0.9759158065168995,0.9705029858295686,1446666
cv300k,0,0.01,4.644210574014704,0.9796997459932762,0.9980402887307936,fold,expF,0.7,0.2,,0.970814516372673,0.9759158065168995,0.970512045837913,1448045
cv300k,0,0.01,4.644210574014704,0.9796997459932762,0.9980402887307936,fold,expF,0.7,0.4,,0.9707999635857264,0.9759158065168995,0.9704966301733168,1449409
cv300k,0,0.01,4.644210574014704,0.9796997459932762,0.9980402887307936,fold,thr,,,0.5,0.9686307842735019,0.9572151386359037,0.9693076515645231,1477557
cv300k,0,0.01,4.644210574014704,0.9796997459932762,0.9980402887307936,fold,thr,,,0.55,0.9697094880613379,0.9625177089657964,0.9701359098502194,1470104
cv300k,0,0.01,4.644210574014704,0.9796997459932762,0.9980402887307936,fold,thr,,,0.6,0.9703339436256627,0.9674964582068407,0.9705021865030015,1463635
cv300k,0,0.01,4.644210574014704,0.9796997459932762,0.9980402887307936,fold,thr,,,0.65,0.9706054493681469,0.9717466099979761,0.9705377865894786,1457212
cv300k,0,0.01,4.644210574014704,0.9796997459932762,0.9980402887307936,fold,thr,,,0.7,0.9706179288934061,0.9759158065168995,0.9703038021073253,1450696
cv300k,0,0.01,4.644210574014704,0.9796997459932762,0.9980402887307936,fold,thr,,,0.75,0.9702881537728467,0.9797207043108682,0.9697288700378066,1443251
cv300k,0,0.01,4.644210574014704,0.9796997459932762,0.9980402887307936,fold,thr,,,0.8,0.9696585776124956,0.9829589151993524,0.968869961378436,1434899
cv300k,0,0.01,4.644210574014704,0.9796997459932762,0.9980402887307936,global,expF,0.0,0.0,,0.9709499013197916,0.9500101194090265,0.9721914827341473,1448274
cv300k,0,0.01,4.644210574014704,0.9796997459932762,0.9980402887307936,global,expF,0.0,0.2,,0.9709801622344455,0.9514673143088443,0.9721371365252389,1449591
cv300k,0,0.01,4.644210574014704,0.9796997459932762,0.9980402887307936,global,expF,0.0,0.4,,0.9709917164908818,0.9525602104837078,0.9720845748307927,1450922
cv300k,0,0.01,4.644210574014704,0.9796997459932762,0.9980402887307936,global,expF,0.4,0.0,,0.9709645776839744,0.9505768063145112,0.9721734287656301,1448229
cv300k,0,0.01,4.644210574014704,0.9796997459932762,0.9980402887307936,global,expF,0.4,0.2,,0.9709876638868443,0.9518720906699049,0.9721210825887223,1449554
cv300k,0,0.01,4.644210574014704,0.9796997459932762,0.9980402887307936,global,expF,0.4,0.4,,0.9709990121706935,0.9528435539364501,0.9720755028241688,1450894
cv300k,0,0.01,4.644210574014704,0.9796997459932762,0.9980402887307936,global,expF,0.5,0.0,,0.9710868559258364,0.9572556162720097,0.9719069509089107,1447861
cv300k,0,0.01,4.644210574014704,0.9796997459932762,0.9980402887307936,global,expF,0.5,0.2,,0.9710895312261454,0.9572556162720097,0.9719097848356637,1449232
cv300k,0,0.01,4.644210574014704,0.9796997459932762,0.9980402887307936,global,expF,0.5,0.4,,0.9710890250519904,0.9572556162720097,0.9719092486489505,1450599
cv300k,0,0.01,4.644210574014704,0.9796997459932762,0.9980402887307936,global,expF,0.6,0.0,,0.9711192749484903,0.9674964582068407,0.971334082435656,1447228
cv300k,0,0.01,4.644210574014704,0.9796997459932762,0.9980402887307936,global,expF,0.6,0.2,,0.9711208402854132,0.9674964582068407,0.9713357405860208,1448590
cv300k,0,0.01,4.644210574014704,0.9796997459932762,0.9980402887307936,global,expF,0.6,0.4,,0.971116557947161,0.9674964582068407,0.9713312043353063,1449948
cv300k,0,0.01,4.644210574014704,0.9796997459932762,0.9980402887307936,global,expF,0.7,0.0,,0.970817213320202,0.9759158065168995,0.9705149026954135,1446499
cv300k,0,0.01,4.644210574014704,0.9796997459932762,0.9980402887307936,global,expF,0.7,0.2,,0.9708215658258633,0.9759158065168995,0.9705195132739695,1447855
cv300k,0,0.01,4.644210574014704,0.9796997459932762,0.9980402887307936,global,expF,0.7,0.4,,0.9708157730219723,0.9759158065168995,0.9705133769976547,1449207
cv300k,0,0.01,4.644210574014704,0.9796997459932762,0.9980402887307936,global,thr,,,0.5,0.9687798465668365,0.9572556162720097,0.9694631521623668,1476883
cv300k,0,0.01,4.644210574014704,0.9796997459932762,0.9980402887307936,global,thr,,,0.55,0.9697625136367676,0.9625177089657964,0.9701920794683722,1469886
cv300k,0,0.01,4.644210574014704,0.9796997459932762,0.9980402887307936,global,thr,,,0.6,0.970356456501773,0.9674964582068407,0.9705260342339199,1463553
cv300k,0,0.01,4.644210574014704,0.9796997459932762,0.9980402887307936,global,thr,,,0.65,0.9706135810114397,0.9717466099979761,0.9705464003818799,1457176
cv300k,0,0.01,4.644210574014704,0.9796997459932762,0.9980402887307936,global,thr,,,0.7,0.9706207720790175,0.9759158065168995,0.9703068138737952,1450683
cv300k,0,0.01,4.644210574014704,0.9796997459932762,0.9980402887307936,global,thr,,,0.75,0.9702885493709903,0.9797207043108682,0.9697292890921306,1443248
cv300k,0,0.01,4.644210574014704,0.9796997459932762,0.9980402887307936,global,thr,,,0.8,0.969656959256454,0.9829589151993524,0.9688682470652926,1434898
cv300k,1,0.01,4.620834503946855,0.9796386916561897,0.9979472170089638,none,expF,0.0,0.0,,0.9709560268198071,0.9488022736500203,0.9722653678876629,1448231
cv300k,1,0.01,4.620834503946855,0.9796386916561897,0.9979472170089638,none,expF,0.0,0.2,,0.9709645642347796,0.950345107592367,0.9721832246203076,1449602
cv300k,1,0.01,4.620834503946855,0.9796386916561897,0.9979472170089638,none,expF,0.0,0.4,,0.9709568337199526,0.9515631343889566,0.9721030488464419,1450967
cv300k,1,0.01,4.620834503946855,0.9796386916561897,0.9979472170089638,none,expF,0.4,0.0,,0.9709816077331304,0.9497360941940722,0.9722372696144911,1448164
cv300k,1,0.01,4.620834503946855,0.9796386916561897,0.9979472170089638,none,expF,0.4,0.2,,0.9709833480373281,0.9510759236703208,0.972159925571581,1449544
cv300k,1,0.01,4.620834503946855,0.9796386916561897,0.9979472170089638,none,expF,0.4,0.4,,0.970971463732583,0.9521315468940317,0.9720849489575312,1450916
cv300k,1,0.01,4.620834503946855,0.9796386916561897,0.9979472170089638,none,expF,0.5,0.0,,0.9711115533097481,0.9580592773041007,0.9718829747872831,1447672
cv300k,1,0.01,4.620834503946855,0.9796386916561897,0.9979472170089638,none,expF,0.5,0.2,,0.9710923448466107,0.9580592773041007,0.9718626310569319,1449104
cv300k,1,0.01,4.620834503946855,0.9796386916561897,0.9979472170089638,none,expF,0.5,0.4,,0.9710640070924182,0.9580592773041007,0.9718326184720663,1450506
cv300k,1,0.01,4.620834503946855,0.9796386916561897,0.9979472170089638,none,expF,0.6,0.0,,0.9710072767477178,0.9678846934632562,0.971191829067174,1446997
cv300k,1,0.01,4.620834503946855,0.9796386916561897,0.9979472170089638,none,expF,0.6,0.2,,0.9709870709877004,0.9678846934632562,0.9711704290972547,1448418
cv300k,1,0.01,4.620834503946855,0.9796386916561897,0.9979472170089638,none,expF,0.6,0.4,,0.9709561078944254,0.9678846934632562,0.9711376360093374,1449805
cv300k,1,0.01,4.620834503946855,0.9796386916561897,0.9979472170089638,none,expF,0.7,0.0,,0.9706858117388009,0.9765732846122614,0.970337847673298,1446214
cv300k,1,0.01,4.620834503946855,0.9796386916561897,0.9979472170089638,none,expF,0.7,0.2,,0.9706649945984493,0.9765732846122614,0.9703158001889695,1447625
cv300k,1,0.01,4.620834503946855,0.9796386916561897,0.9979472170089638,none,expF,0.7,0.4,,0.9706329591375293,0.9765732846122614,0.9702818713538528,1449004
cv300k,1,0.01,4.620834503946855,0.9796386916561897,0.9979472170089638,none,thr,,,0.5,0.9685357815548696,0.9580592773041007,0.9691549686135127,1477363
cv300k,1,0.01,4.620834503946855,0.9796386916561897,0.9979472170089638,none,thr,,,0.55,0.9695908634856405,0.9636215996751929,0.9699436615958291,1469596
cv300k,1,0.01,4.620834503946855,0.9796386916561897,0.9979472170089638,none,thr,,,0.6,0.9701362076921651,0.9678846934632562,0.9702692776971517,1463024
cv300k,1,0.01,4.620834503946855,0.9796386916561897,0.9979472170089638,none,thr,,,0.65,0.9704203925835101,0.9722289890377588,0.9703135001037312,1456755
cv300k,1,0.01,4.620834503946855,0.9796386916561897,0.9979472170089638,none,thr,,,0.7,0.9704641784508328,0.9765732846122614,0.9701031153152211,1450033
cv300k,1,0.01,4.620834503946855,0.9796386916561897,0.9979472170089638,none,thr,,,0.75,0.9701266032290159,0.9798619569630532,0.9695512199810223,1442520
cv300k,1,0.01,4.620834503946855,0.9796386916561897,0.9979472170089638,none,thr,,,0.8,0.9693664560881585,0.9831912302070646,0.9685493780802478,1434118
cv300k,1,0.01,4.620834503946855,0.9796386916561897,0.9979472170089638,fold,expF,0.0,0.0,,0.970984858847028,0.9496142915144133,0.9722479117138503,1448069
cv300k,1,0.01,4.620834503946855,0.9796386916561897,0.9979472170089638,fold,expF,0.0,0.2,,0.9709777815845476,0.9509135200974421,0.9721636285766995,1449441
cv300k,1,0.01,4.620834503946855,0.9796386916561897,0.9979472170089638,fold,expF,0.0,0.4,,0.9709734055826433,0.9520097442143727,0.9720942044123537,1450819
cv300k,1,0.01,4.620834503946855,0.9796386916561897,0.9979472170089638,fold,expF,0.4,0.0,,0.9710085179581978,0.9503857084855867,0.9722273765042018,1448012
cv300k,1,0.01,4.620834503946855,0.9796386916561897,0.9979472170089638,fold,expF,0.4,0.2,,0.9709966732777432,0.9515225334957369,0.9721476426318897,1449392
cv300k,1,0.01,4.620834503946855,0.9796386916561897,0.9979472170089638,fold,expF,0.4,0.4,,0.9709839896960031,0.9524563540397889,0.9720790183382848,1450775
cv300k,1,0.01,4.620834503946855,0.9796386916561897,0.9979472170089638,fold,expF,0.5,0.0,,0.971113540795308,0.9580592773041007,0.971885079738107,1447541
cv300k,1,0.01,4.620834503946855,0.9796386916561897,0.9979472170089638,fold,expF,0.5,0.2,,0.9710933166079194,0.9580592773041007,0.971863660251714,1448970
cv300k,1,0.01,4.620834503946855,0.9796386916561897,0.9979472170089638,fold,expF,0.5,0.4,,0.9710654383009494,0.9580592773041007,0.9718341342685267,1450379
cv300k,1,0.01,4.620834503946855,0.9796386916561897,0.9979472170089638,fold,expF,0.6,0.0,,0.9710142370112903,0.9678846934632562,0.9711992006993698,1446871
cv300k,1,0.01,4.620834503946855,0.9796386916561897,0.9979472170089638,fold,expF,0.6,0.2,,0.9709930155270219,0.9678846934632562,0.9711767249734087,1448288
cv300k,1,0.01,4.620834503946855,0.9796386916561897,0.9979472170089638,fold,expF,0.6,0.4,,0.970963770605187,0.9678846934632562,0.9711457516050713,1449683
cv300k,1,0.01,4.620834503946855,0.9796386916561897,0.9979472170089638,fold,expF,0.7,0.0,,0.9706931496196387,0.9765732846122614,0.9703456192408642,1446089
cv300k,1,0.01,4.620834503946855,0.9796386916561897,0.9979472170089638,fold,expF,0.7,0.2,,0.9706709391377707,0.9765732846122614,0.9703220960651233,1447496
cv300k,1,0.01,4.620834503946855,0.9796386916561897,0.9979472170089638,fold,expF,0.7,0.4,,0.9706406218482908,0.9765732846122614,0.9702899869495867,1448883
cv300k,1,0.01,4.620834503946855,0.9796386916561897,0.9979472170089638,fold,thr,,,0.5,0.9685605585031484,0.9580592773041007,0.9691812099401143,1477199
cv300k,1,0.01,4.620834503946855,0.9796386916561897,0.9979472170089638,fold,thr,,,0.55,0.9695999654260602,0.9636215996751929,0.9699533014832186,1469556
cv300k,1,0.01,4.620834503946855,0.9796386916561897,0.9979472170089638,fold,thr,,,0.6,0.9701414351105041,0.9678846934632562,0.9702748140687165,1463009
cv300k,1,0.01,4.620834503946855,0.9796386916561897,0.9979472170089638,fold,thr,,,0.65,0.9704243310653382,0.9722289890377588,0.9703176713594809,1456746
cv300k,1,0.01,4.620834503946855,0.9796386916561897,0.9979472170089638,fold,thr,,,0.7,0.9704663789704917,0.9765732846122614,0.970105445890981,1450029
cv300k,1,0.01,4.620834503946855,0.9796386916561897,0.9979472170089638,fold,thr,,,0.75,0.9701266032290159,0.9798619569630532,0.9695512199810223,1442520
cv300k,1,0.01,4.620834503946855,0.9796386916561897,0.9979472170089638,fold,thr,,,0.8,0.9693664560881585,0.9831912302070646,0.9685493780802478,1434118
cv300k,1,0.01,4.620834503946855,0.9796386916561897,0.9979472170089638,global,expF,0.0,0.0,,0.9710118153737314,0.9507105156313439,0.9722116719072876,1447773
cv300k,1,0.01,4.620834503946855,0.9796386916561897,0.9979472170089638,global,expF,0.0,0.2,,0.971010894043683,0.952090946000812,0.9721291093088064,1449148
cv300k,1,0.01,4.620834503946855,0.9796386916561897,0.9979472170089638,global,expF,0.0,0.4,,0.97098948603552,0.953024766544864,0.9720512449538105,1450523
cv300k,1,0.01,4.620834503946855,0.9796386916561897,0.9979472170089638,global,expF,0.4,0.0,,0.9710298331118169,0.951278928136419,0.9721971599667029,1447730
cv300k,1,0.01,4.620834503946855,0.9796386916561897,0.9979472170089638,global,expF,0.4,0.2,,0.971021878660203,0.9524969549330086,0.9721167470208378,1449112
cv300k,1,0.01,4.620834503946855,0.9796386916561897,0.9979472170089638,global,expF,0.4,0.4,,0.970998960182979,0.9533901745838409,0.9720396825365828,1450489
cv300k,1,0.01,4.620834503946855,0.9796386916561897,0.9979472170089638,global,expF,0.5,0.0,,0.9711302167768434,0.9582216808769793,0.9718931428621009,1447315
cv300k,1,0.01,4.620834503946855,0.9796386916561897,0.9979472170089638,global,expF,0.5,0.2,,0.9711140086907173,0.9582216808769793,0.9718759768383902,1448751
cv300k,1,0.01,4.620834503946855,0.9796386916561897,0.9979472170089638,global,expF,0.5,0.4,,0.971086486753465,0.9582216808769793,0.9718468282872441,1450160
cv300k,1,0.01,4.620834503946855,0.9796386916561897,0.9979472170089638,global,expF,0.6,0.0,,0.9710272626925949,0.9679252943564759,0.9712105966181172,1446651
cv300k,1,0.01,4.620834503946855,0.9796386916561897,0.9979472170089638,global,expF,0.6,0.2,,0.9710096700098295,0.9679252943564759,0.971191964164715,1448077
cv300k,1,0.01,4.620834503946855,0.9796386916561897,0.9979472170089638,global,expF,0.6,0.4,,0.9709811590749778,0.9679252943564759,0.9711617681637892,1449474
cv300k,1,0.01,4.620834503946855,0.9796386916561897,0.9979472170089638,global,expF,0.7,0.0,,0.9707073081527392,0.9765732846122614,0.9703606145779455,1445878
cv300k,1,0.01,4.620834503946855,0.9796386916561897,0.9979472170089638,global,expF,0.7,0.2,,0.9706891040896393,0.9765732846122614,0.970341334610134,1447293
cv300k,1,0.01,4.620834503946855,0.9796386916561897,0.9979472170089638,global,expF,0.7,0.4,,0.9706583879353469,0.9765732846122614,0.9703088030558976,1448681
cv300k,1,0.01,4.620834503946855,0.9796386916561897,0.9979472170089638,global,thr,,,0.5,0.9687200876190423,0.9582216808769793,0.9693405691685607,1476498
cv300k,1,0.01,4.620834503946855,0.9796386916561897,0.9979472170089638,global,thr,,,0.55,0.9696468114040439,0.9636622005684125,0.9700005165610062,1469346
cv300k,1,0.01,4.620834503946855,0.9796386916561897,0.9979472170089638,global,thr,,,0.6,0.9701646709224091,0.9679252943564759,0.9702970235617879,1462917
cv300k,1,0.01,4.620834503946855,0.9796386916561897,0.9979472170089638,global,thr,,,0.65,0.9704324465393409,0.9722695899309785,0.9703238668656498,1456707
cv300k,1,0.01,4.620834503946855,0.9796386916561897,0.9979472170089638,global,thr,,,0.7,0.9704692692548499,0.9765732846122614,0.9701085069982233,1450012
cv300k,1,0.01,4.620834503946855,0.9796386916561897,0.9979472170089638,global,thr,,,0.75,0.9701263243717,0.9798619569630532,0.9695509246425561,1442515
cv300k,1,0.01,4.620834503946855,0.9796386916561897,0.9979472170089638,global,thr,,,0.8,0.969366014104314,0.9831912302070646,0.9685489099740756,1434116
cv300k,2,0.01,4.648568981611549,0.9798741067833727,0.9980728618268603,none,expF,0.0,0.0,,0.9707165602124819,0.94594265291203,0.9721802551257657,1447221
cv300k,2,0.01,4.648568981611549,0.9798741067833727,0.9980728618268603,none,expF,0.0,0.2,,0.9707387973769139,0.9473641458857932,0.9721198212934242,1448668
cv300k,2,0.01,4.648568981611549,0.9798741067833727,0.9980728618268603,none,expF,0.0,0.4,,0.9707577190136166,0.9490699374543091,0.9720390790818441,1449990
cv300k,2,0.01,4.648568981611549,0.9798741067833727,0.9980728618268603,none,expF,0.4,0.0,,0.9707405728289918,0.9469986191211112,0.9721432977383974,1447129
cv300k,2,0.01,4.648568981611549,0.9798741067833727,0.9980728618268603,none,expF,0.4,0.2,,0.970752165191575,0.9481764275850865,0.9720859875837193,1448583
cv300k,2,0.01,4.648568981611549,0.9798741067833727,0.9980728618268603,none,expF,0.4,0.4,,0.9707665995581775,0.9497197628137438,0.9720100912492512,1449916
cv300k,2,0.01,4.648568981611549,0.9798741067833727,0.9980728618268603,none,expF,0.5,0.0,,0.9709183474738164,0.9559743318983023,0.9718012715647414,1446630
cv300k,2,0.01,4.648568981611549,0.9798741067833727,0.9980728618268603,none,expF,0.5,0.2,,0.9709200991845378,0.9559743318983023,0.9718031267702424,1448132
cv300k,2,0.01,4.648568981611549,0.9798741067833727,0.9980728618268603,none,expF,0.5,0.4,,0.9708962818212575,0.9559743318983023,0.9717779022266956,1449521
cv300k,2,0.01,4.648568981611549,0.9798741067833727,0.9980728618268603,none,expF,0.6,0.0,,0.9709136832467076,0.9670213630086915,0.9711436497701212,1445938
cv300k,2,0.01,4.648568981611549,0.9798741067833727,0.9980728618268603,none,expF,0.6,0.2,,0.9709132722403644,0.9670213630086915,0.9711432144806528,1447430
cv300k,2,0.01,4.648568981611549,0.9798741067833727,0.9980728618268603,none,expF,0.6,0.4,,0.9708884793658155,0.9670213630086915,0.9711169567905653,1448811
cv300k,2,0.01,4.648568981611549,0.9798741067833727,0.9980728618268603,none,expF,0.7,0.0,,0.9706605104868284,0.9759564617009179,0.9703476144725237,1445186
cv300k,2,0.01,4.648568981611549,0.9798741067833727,0.9980728618268603,none,expF,0.7,0.2,,0.970658822774493,0.9759564617009179,0.9703458270465692,1446666
cv300k,2,0.01,4.648568981611549,0.9798741067833727,0.9980728618268603,none,expF,0.7,0.4,,0.9706301784050331,0.9759564617009179,0.9703154903070941,1448038
cv300k,2,0.01,4.648568981611549,0.9798741067833727,0.9980728618268603,none,thr,,,0.5,0.9682606583849153,0.9559743318983023,0.9689865605756073,1477527
cv300k,2,0.01,4.648568981611549,0.9798741067833727,0.9980728618268603,none,thr,,,0.55,0.9693835817965335,0.9619039883031435,0.969825492021551,1469456
cv300k,2,0.01,4.648568981611549,0.9798741067833727,0.9980728618268603,none,thr,,,0.6,0.9700878307785721,0.9670213630086915,0.9702690041890515,1462621
cv300k,2,0.01,4.648568981611549,0.9798741067833727,0.9980728618268603,none,thr,,,0.65,0.9704537802480971,0.971570140524734,0.9703878233185548,1456112
cv300k,2,0.01,4.648568981611549,0.9798741067833727,0.9980728618268603,none,thr,,,0.7,0.9705078134298114,0.9759564617009179,0.9701858957499732,1449086
cv300k,2,0.01,4.648568981611549,0.9798741067833727,0.9980728618268603,none,thr,,,0.75,0.9701624581596084,0.9795305011778085,0.9696089743370176,1441474
cv300k,2,0.01,4.648568981611549,0.9798741067833727,0.9980728618268603,none,thr,,,0.8,0.9693805958287589,0.9835512955893104,0.9685433608740285,1432777
cv300k,2,0.01,4.648568981611549,0.9798741067833727,0.9980728618268603,fold,expF,0.0,0.0,,0.9707557376858184,0.9468767768662172,0.9721665572655588,1447049
cv300k,2,0.01,4.648568981611549,0.9798741067833727,0.9980728618268603,fold,expF,0.0,0.2,,0.9707905107683489,0.9482982698399806,0.9721193999999077,1448486
cv300k,2,0.01,4.648568981611549,0.9798741067833727,0.9980728618268603,fold,expF,0.0,0.4,,0.9708134273750045,0.9500852895784258,0.9720380896572498,1449821
cv300k,2,0.01,4.648568981611549,0.9798741067833727,0.9980728618268603,fold,expF,0.4,0.0,,0.9707696318760614,0.9476890585655106,0.9721332810308198,1446973
cv300k,2,0.01,4.648568981611549,0.9798741067833727,0.9980728618268603,fold,expF,0.4,0.2,,0.9707946097955898,0.9489074811144504,0.9720877477139829,1448416
cv300k,2,0.01,4.648568981611549,0.9798741067833727,0.9980728618268603,fold,expF,0.4,0.4,,0.9708130391321452,0.9505320445130371,0.9720112832484372,1449763
cv300k,2,0.01,4.648568981611549,0.9798741067833727,0.9980728618268603,fold,expF,0.5,0.0,,0.9709347698288303,0.956136788238161,0.9718090659226376,1446501
cv300k,2,0.01,4.648568981611549,0.9798741067833727,0.9980728618268603,fold,expF,0.5,0.2,,0.9709411274950797,0.956136788238161,0.9718157992132742,1447989
cv300k,2,0.01,4.648568981611549,0.9798741067833727,0.9980728618268603,fold,expF,0.5,0.4,,0.9709080884974681,0.956136788238161,0.9717808082017088,1449391
cv300k,2,0.01,4.648568981611549,0.9798741067833727,0.9980728618268603,fold,expF,0.6,0.0,,0.9709210427873551,0.9670213630086915,0.9711514441280172,1445817
cv300k,2,0.01,4.648568981611549,0.9798741067833727,0.9980728618268603,fold,expF,0.6,0.2,,0.9709262676018086,0.9670213630086915,0.9711569776355748,1447294
cv300k,2,0.01,4.648568981611549,0.9798741067833727,0.9980728618268603,fold,expF,0.6,0.4,,0.9708922530929286,0.9670213630086915,0.9711209534774691,1448688
cv300k,2,0.01,4.648568981611549,0.9798741067833727,0.9980728618268603,fold,expF,0.7,0.0,,0.9706682476447412,0.9759564617009179,0.9703558087581131,1445067
cv300k,2,0.01,4.648568981611549,0.9798741067833727,0.9980728618268603,fold,expF,0.7,0.2,,0.9706718181359374,0.9759564617009179,0.9703595902014912,1446531
cv300k,2,0.01,4.648568981611549,0.9798741067833727,0.9980728618268603,fold,expF,0.7,0.4,,0.9706348103532038,0.9759564617009179,0.970320395920573,1447918
cv300k,2,0.01,4.648568981611549,0.9798741067833727,0.9980728618268603,fold,thr,,,0.5,0.9683020374348165,0.956136788238161,0.9690207861227819,1477371
cv300k,2,0.01,4.648568981611549,0.9798741067833727,0.9980728618268603,fold,thr,,,0.55,0.9693947505958458,0.9619039883031435,0.9698373206971816,1469417
cv300k,2,0.01,4.648568981611549,0.9798741067833727,0.9980728618268603,fold,thr,,,0.6,0.9700914856865,0.9670213630086915,0.9702728750366808,1462609
cv300k,2,0.01,4.648568981611549,0.9798741067833727,0.9980728618268603,fold,thr,,,0.65,0.9704549081204902,0.971570140524734,0.9703890178280375,1456105
cv300k,2,0.01,4.648568981611549,0.9798741067833727,0.9980728618268603,fold,thr,,,0.7,0.9705081488135667,0.9759564617009179,0.9701862509489111,1449084
cv300k,2,0.01,4.648568981611549,0.9798741067833727,0.9980728618268603,fold,thr,,,0.75,0.9701624581596084,0.9795305011778085,0.9696089743370176,1441474
cv300k,2,0.01,4.648568981611549,0.9798741067833727,0.9980728618268603,fold,thr,,,0.8,0.9693805958287589,0.9835512955893104,0.9685433608740285,1432777
cv300k,2,0.01,4.648568981611549,0.9798741067833727,0.9980728618268603,global,expF,0.0,0.0,,0.9708029660239484,0.9479733571602632,0.9721517876676552,1446759
cv300k,2,0.01,4.648568981611549,0.9798741067833727,0.9980728618268603,global,expF,0.0,0.2,,0.9708290720100807,0.9491917797092031,0.9721074490659865,1448213
cv300k,2,0.01,4.648568981611549,0.9798741067833727,0.9980728618268603,global,expF,0.0,0.4,,0.9708428364845865,0.9509787994476484,0.9720164458638271,1449537
cv300k,2,0.01,4.648568981611549,0.9798741067833727,0.9980728618268603,global,expF,0.4,0.0,,0.9708047813658232,0.9484607261798391,0.9721249154698716,1446706
cv300k,2,0.01,4.648568981611549,0.9798741067833727,0.9980728618268603,global,expF,0.4,0.2,,0.9708269673251068,0.9495573064738851,0.9720836239363405,1448166
cv300k,2,0.01,4.648568981611549,0.9798741067833727,0.9980728618268603,global,expF,0.4,0.4,,0.9708332873449542,0.9511818698724718,0.9719943347100087,1449499
cv300k,2,0.01,4.648568981611549,0.9798741067833727,0.9980728618268603,global,expF,0.5,0.0,,0.9709544370107164,0.9562180164080903,0.9718250959509668,1446279
cv300k,2,0.01,4.648568981611549,0.9798741067833727,0.9980728618268603,global,expF,0.5,0.2,,0.970962911741169,0.9562180164080903,0.9718340713864437,1447779
cv300k,2,0.01,4.648568981611549,0.9798741067833727,0.9980728618268603,global,expF,0.5,0.4,,0.9709230320867889,0.9562180164080903,0.9717918355576196,1449168
cv300k,2,0.01,4.648568981611549,0.9798741067833727,0.9980728618268603,global,expF,0.6,0.0,,0.9709499624095936,0.9671025911786207,0.9711772732504712,1445604
cv300k,2,0.01,4.648568981611549,0.9798741067833727,0.9980728618268603,global,expF,0.6,0.2,,0.9709568629174211,0.9671025911786207,0.971184581454916,1447094
cv300k,2,0.01,4.648568981611549,0.9798741067833727,0.9980728618268603,global,expF,0.6,0.4,,0.9709160077517722,0.9671025911786207,0.9711413124795514,1448473
cv300k,2,0.01,4.648568981611549,0.9798741067833727,0.9980728618268603,global,expF,0.7,0.0,,0.9706987578366727,0.9759970757858826,0.9703857219906445,1444864
cv300k,2,0.01,4.648568981611549,0.9798741067833727,0.9980728618268603,global,expF,0.7,0.2,,0.970703798048189,0.9759970757858826,0.9703910599885321,1446341
cv300k,2,0.01,4.648568981611549,0.9798741067833727,0.9980728618268603,global,expF,0.7,0.4,,0.9706603272259517,0.9759970757858826,0.9703450208180481,1447714
cv300k,2,0.01,4.648568981611549,0.9798741067833727,0.9980728618268603,global,thr,,,0.5,0.9684497691257974,0.9562180164080903,0.9691724469826377,1476610
cv300k,2,0.01,4.648568981611549,0.9798741067833727,0.9980728618268603,global,thr,,,0.55,0.9694416326797645,0.9619446023881082,0.9698845731077538,1469186
cv300k,2,0.01,4.648568981611549,0.9798741067833727,0.9980728618268603,global,thr,,,0.6,0.9701077017264442,0.9671025911786207,0.9702852500222927,1462516
cv300k,2,0.01,4.648568981611549,0.9798741067833727,0.9980728618268603,global,thr,,,0.65,0.9704654745854696,0.9716513686946633,0.9703954094498303,1456063
cv300k,2,0.01,4.648568981611549,0.9798741067833727,0.9980728618268603,global,thr,,,0.7,0.9705117527289928,0.9759970757858826,0.970187668225135,1449072
cv300k,2,0.01,4.648568981611549,0.9798741067833727,0.9980728618268603,global,thr,,,0.75,0.9701599564452259,0.9795305011778085,0.9696063248160509,1441472
cv300k,2,0.01,4.648568981611549,0.9798741067833727,0.9980728618268603,global,thr,,,0.8,0.9693783301251674,0.9835512955893104,0.96854096130787,1432776
cv300k,3,0.01,4.649744881775587,0.9797092926934201,0.9980387670382114,none,expF,0.0,0.0,,0.9708039458325762,0.9436924080567561,0.9723991400698815,1447278
cv300k,3,0.01,4.649744881775587,0.9797092926934201,0.9980387670382114,none,expF,0.0,0.2,,0.9708026742185375,0.9450379189431624,0.9723186261900081,1448661
cv300k,3,0.01,4.649744881775587,0.9797092926934201,0.9980387670382114,none,expF,0.0,0.4,,0.9707974332792693,0.9463426567724048,0.9722363084504565,1450016
cv300k,3,0.01,4.649744881775587,0.9797092926934201,0.9980387670382114,none,expF,0.4,0.0,,0.9708226058846781,0.9445894153143602,0.9723661197484036,1447202
cv300k,3,0.01,4.649744881775587,0.9797092926934201,0.9980387670382114,none,expF,0.4,0.2,,0.9708120458667379,0.9456495148006198,0.9722925640462886,1448595
cv300k,3,0.01,4.649744881775587,0.9797092926934201,0.9980387670382114,none,expF,0.4,0.4,,0.9708057155997418,0.9469134795726983,0.9722114918984461,1449952
cv300k,3,0.01,4.649744881775587,0.9797092926934201,0.9980387670382114,none,expF,0.5,0.0,,0.9709350007149249,0.9533556226045828,0.9719693397807833,1446674
cv300k,3,0.01,4.649744881775587,0.9797092926934201,0.9980387670382114,none,expF,0.5,0.2,,0.9709256994212021,0.9533556226045828,0.9719594912156267,1448111
cv300k,3,0.01,4.649744881775587,0.9797092926934201,0.9980387670382114,none,expF,0.5,0.4,,0.9708987980041364,0.9533556226045828,0.9719310069674493,1449504
cv300k,3,0.01,4.649744881775587,0.9797092926934201,0.9980387670382114,none,expF,0.6,0.0,,0.9709740628506918,0.9660768164396967,0.9712622080425314,1445901
cv300k,3,0.01,4.649744881775587,0.9797092926934201,0.9980387670382114,none,expF,0.6,0.2,,0.9709651391742343,0.9660768164396967,0.9712527593129627,1447326
cv300k,3,0.01,4.649744881775587,0.9797092926934201,0.9980387670382114,none,expF,0.6,0.4,,0.9709372765495842,0.9660768164396967,0.9712232573014712,1448708
cv300k,3,0.01,4.649744881775587,0.9797092926934201,0.9980387670382114,none,expF,0.7,0.0,,0.9706417696913464,0.9745168392726087,0.9704137675501068,1445142
cv300k,3,0.01,4.649744881775587,0.9797092926934201,0.9980387670382114,none,expF,0.7,0.2,,0.9706249600636545,0.9745168392726087,0.9703959688740826,1446551
cv300k,3,0.01,4.649744881775587,0.9797092926934201,0.9980387670382114,none,expF,0.7,0.4,,0.9705955052346047,0.9745168392726087,0.9703647809757413,1447920
cv300k,3,0.01,4.649744881775587,0.9797092926934201,0.9980387670382114,none,thr,,,0.5,0.9682918647177886,0.9533556226045828,0.9691706864040756,1477016
cv300k,3,0.01,4.649744881775587,0.9797092926934201,0.9980387670382114,none,thr,,,0.55,0.9694756365420301,0.9605724537225802,0.9699994838444109,1468868
cv300k,3,0.01,4.649744881775587,0.9797092926934201,0.9980387670382114,none,thr,,,0.6,0.9701419421836549,0.9660768164396967,0.9703811268884954,1462107
cv300k,3,0.01,4.649744881775587,0.9797092926934201,0.9980387670382114,none,thr,,,0.65,0.9704096255097948,0.970439533556226,0.970407865774006,1455593
cv300k,3,0.01,4.649744881775587,0.9797092926934201,0.9980387670382114,none,thr,,,0.7,0.9704321829789361,0.9745168392726087,0.9701918491315935,1448935
cv300k,3,0.01,4.649744881775587,0.9797092926934201,0.9980387670382114,none,thr,,,0.75,0.9700594694569916,0.9781456413601892,0.9695836936109846,1441395
cv300k,3,0.01,4.649744881775587,0.9797092926934201,0.9980387670382114,none,thr,,,0.8,0.9692824822275694,0.9822637201337356,0.9685186894810189,1432884
cv300k,3,0.01,4.649744881775587,0.9797092926934201,0.9980387670382114,fold,expF,0.0,0.0,,0.970847545240163,0.9446301883715241,0.9723901274772917,1447068
cv300k,3,0.01,4.649744881775587,0.9797092926934201,0.9980387670382114,fold,expF,0.0,0.2,,0.9708521089888605,0.9460164723150942,0.9723133932889022,1448462
cv300k,3,0.01,4.649744881775587,0.9797092926934201,0.9980387670382114,fold,expF,0.0,0.4,,0.9708357166192138,0.9471581179156813,0.9722288640429199,1449840
cv300k,3,0.01,4.649744881775587,0.9797092926934201,0.9980387670382114,fold,expF,0.4,0.0,,0.9708600244659447,0.9453233303433092,0.9723625577283914,1447008
cv300k,3,0.01,4.649744881775587,0.9797092926934201,0.9980387670382114,fold,expF,0.4,0.2,,0.9708570979881944,0.9464649759438962,0.9722922866832233,1448413
cv300k,3,0.01,4.649744881775587,0.9797092926934201,0.9980387670382114,fold,expF,0.4,0.4,,0.9708396162908196,0.9475658484873196,0.9722090030289495,1449792
cv300k,3,0.01,4.649744881775587,0.9797092926934201,0.9980387670382114,fold,expF,0.5,0.0,,0.9709445821259957,0.9533963956617467,0.9719770859313641,1446512
cv300k,3,0.01,4.649744881775587,0.9797092926934201,0.9980387670382114,fold,expF,0.5,0.2,,0.970938654075111,0.9533963956617467,0.971970809084602,1447960
cv300k,3,0.01,4.649744881775587,0.9797092926934201,0.9980387670382114,fold,expF,0.5,0.4,,0.9709073983384414,0.9533963956617467,0.9719377143164679,1449368
cv300k,3,0.01,4.649744881775587,0.9797092926934201,0.9980387670382114,fold,expF,0.6,0.0,,0.9709803715787969,0.9660768164396967,0.9712688879648788,1445745
cv300k,3,0.01,4.649744881775587,0.9797092926934201,0.9980387670382114,fold,expF,0.6,0.2,,0.9709748211451776,0.9660768164396967,0.9712630109537043,1447180
cv300k,3,0.01,4.649744881775587,0.9797092926934201,0.9980387670382114,fold,expF,0.6,0.4,,0.9709436111802977,0.9660768164396967,0.9712299646504898,1448578
cv300k,3,0.01,4.649744881775587,0.9797092926934201,0.9980387670382114,fold,expF,0.7,0.0,,0.9706481302998823,0.9745168392726087,0.9704205024054363,1444990
cv300k,3,0.01,4.649744881775587,0.9797092926934201,0.9980387670382114,fold,expF,0.7,0.2,,0.9706346939150289,0.9745168392726087,0.9704062754478066,1446409
cv300k,3,0.01,4.649744881775587,0.9797092926934201,0.9980387670382114,fold,expF,0.7,0.4,,0.970601891745749,0.9745168392726087,0.9703715432577422,1447794
cv300k,3,0.01,4.649744881775587,0.9797092926934201,0.9980387670382114,fold,thr,,,0.5,0.968337271327837,0.9533963956617467,0.9692163656440619,1476768
cv300k,3,0.01,4.649744881775587,0.9797092926934201,0.9980387670382114,fold,thr,,,0.55,0.9694910255313599,0.9606132267797439,0.9700133792807353,1468777
cv300k,3,0.01,4.649744881775587,0.9797092926934201,0.9980387670382114,fold,thr,,,0.6,0.9701451487399284,0.9660768164396967,0.9703845221127866,1462070
cv300k,3,0.01,4.649744881775587,0.9797092926934201,0.9980387670382114,fold,thr,,,0.65,0.9704133559437488,0.970439533556226,0.9704118157000005,1455570
cv300k,3,0.01,4.649744881775587,0.9797092926934201,0.9980387670382114,fold,thr,,,0.7,0.9704341414221817,0.9745168392726087,0.9701939228061257,1448924
cv300k,3,0.01,4.649744881775587,0.9797092926934201,0.9980387670382114,fold,thr,,,0.75,0.9700591212644484,0.9781456413601892,0.9695833249314167,1441390
cv300k,3,0.01,4.649744881775587,0.9797092926934201,0.9980387670382114,fold,thr,,,0.8,0.9692824822275694,0.9822637201337356,0.9685186894810189,1432884
cv300k,3,0.01,4.649744881775587,0.9797092926934201,0.9980387670382114,global,expF,0.0,0.0,,0.9708961352402795,0.9461795645437495,0.9723504139118571,1446750
cv300k,3,0.01,4.649744881775587,0.9797092926934201,0.9980387670382114,global,expF,0.0,0.2,,0.9708925154405064,0.9473619832015004,0.9722770097373167,1448163
cv300k,3,0.01,4.649744881775587,0.9797092926934201,0.9980387670382114,global,expF,0.0,0.4,,0.9708670308922727,0.9482997635162684,0.9721948484129014,1449547
cv300k,3,0.01,4.649744881775587,0.9797092926934201,0.9980387670382114,global,expF,0.4,0.0,,0.9708926189860042,0.9465465220582239,0.9723250996457586,1446707
cv300k,3,0.01,4.649744881775587,0.9797092926934201,0.9980387670382114,global,expF,0.4,0.2,,0.9708903658010958,0.9476066215444834,0.9722603395358265,1448130
cv300k,3,0.01,4.649744881775587,0.9797092926934201,0.9980387670382114,global,expF,0.4,0.4,,0.9708651307499839,0.9485444018592514,0.9721784423884958,1449513
cv300k,3,0.01,4.649744881775587,0.9797092926934201,0.9980387670382114,global,expF,0.5,0.0,,0.9709652743460189,0.953559487890402,0.9719893995903834,1446275
cv300k,3,0.01,4.649744881775587,0.9797092926934201,0.9980387670382114,global,expF,0.5,0.2,,0.9709655579745334,0.953559487890402,0.9719896999070909,1447741
cv300k,3,0.01,4.649744881775587,0.9797092926934201,0.9980387670382114,global,expF,0.5,0.4,,0.9709305310298328,0.953559487890402,0.971952612039812,1449156
cv300k,3,0.01,4.649744881775587,0.9797092926934201,0.9980387670382114,global,expF,0.6,0.0,,0.9709977911158544,0.9660768164396967,0.9712873324362412,1445523
cv300k,3,0.01,4.649744881775587,0.9797092926934201,0.9980387670382114,global,expF,0.6,0.2,,0.9709988299788996,0.9660768164396967,0.9712884324241241,1446976
cv300k,3,0.01,4.649744881775587,0.9797092926934201,0.9980387670382114,global,expF,0.6,0.4,,0.9709634711887235,0.9660768164396967,0.9712509931861772,1448380
cv300k,3,0.01,4.649744881775587,0.9797092926934201,0.9980387670382114,global,expF,0.7,0.0,,0.9706659274542051,0.9745168392726087,0.9704393467123865,1444771
cv300k,3,0.01,4.649744881775587,0.9797092926934201,0.9980387670382114,global,expF,0.7,0.2,,0.9706587027487508,0.9745168392726087,0.9704316969182263,1446206
cv300k,3,0.01,4.649744881775587,0.9797092926934201,0.9980387670382114,global,expF,0.7,0.4,,0.9706225707422698,0.9745168392726087,0.9703934389693144,1447600
cv300k,3,0.01,4.649744881775587,0.9797092926934201,0.9980387670382114,global,thr,,,0.5,0.9684963110492321,0.953559487890402,0.9693751669232009,1475956
cv300k,3,0.01,4.649744881775587,0.9797092926934201,0.9980387670382114,global,thr,,,0.55,0.9695458739289552,0.9606947728940716,0.970066656832581,1468523
cv300k,3,0.01,4.649744881775587,0.9797092926934201,0.9980387670382114,global,thr,,,0.6,0.9701683868054645,0.9660768164396967,0.9704091274644034,1461970
cv300k,3,0.01,4.649744881775587,0.9797092926934201,0.9980387670382114,global,thr,,,0.65,0.9704257876783846,0.970439533556226,0.9704249788955962,1455523
cv300k,3,0.01,4.649744881775587,0.9797092926934201,0.9980387670382114,global,thr,,,0.7,0.9704406011721948,0.9745168392726087,0.970200762636239,1448908
cv300k,3,0.01,4.649744881775587,0.9797092926934201,0.9980387670382114,global,thr,,,0.75,0.9700603618987123,0.9781456413601892,0.969584638562375,1441386
cv300k,3,0.01,4.649744881775587,0.9797092926934201,0.9980387670382114,global,thr,,,0.8,0.9692831736003567,0.9822637201337356,0.9685194215329403,1432882
cv300k,4,0.01,4.680050933016739,0.9800828006630338,0.9982203926071281,none,expF,0.0,0.0,,0.970865574873299,0.9490793086738815,0.9721606183110388,1445924
cv300k,4,0.01,4.680050933016739,0.9800828006630338,0.9982203926071281,none,expF,0.0,0.2,,0.9709089937337394,0.9505330318203844,0.9721202042974033,1447434
cv300k,4,0.01,4.680050933016739,0.9800828006630338,0.9982203926071281,none,expF,0.0,0.4,,0.9708718710295526,0.9515425617832337,0.9720208653026583,1448772
cv300k,4,0.01,4.680050933016739,0.9800828006630338,0.9982203926071281,none,expF,0.4,0.0,,0.9708836269402269,0.9498465514456469,0.9721341361518154,1445862
cv300k,4,0.01,4.680050933016739,0.9800828006630338,0.9982203926071281,none,expF,0.4,0.2,,0.9709212556692666,0.951179130996608,0.9720947889755406,1447377
cv300k,4,0.01,4.680050933016739,0.9800828006630338,0.9982203926071281,none,expF,0.4,0.4,,0.9708704128711083,0.9518656113713455,0.9720001173942484,1448732
cv300k,4,0.01,4.680050933016739,0.9800828006630338,0.9982203926071281,none,expF,0.5,0.0,,0.9709749772470456,0.9578016475528993,0.9717580409449473,1445381
cv300k,4,0.01,4.680050933016739,0.9800828006630338,0.9982203926071281,none,expF,0.5,0.2,,0.9709853276241136,0.9578016475528993,0.9717690065806269,1446944
cv300k,4,0.01,4.680050933016739,0.9800828006630338,0.9982203926071281,none,expF,0.5,0.4,,0.9709564144173559,0.9578016475528993,0.9717383746829139,1448339
cv300k,4,0.01,4.680050933016739,0.9800828006630338,0.9982203926071281,none,expF,0.6,0.0,,0.9710226400152746,0.9687853335486998,0.9711556324716796,1444707
cv300k,4,0.01,4.680050933016739,0.9800828006630338,0.9982203926071281,none,expF,0.6,0.2,,0.9710329903923425,0.9687853335486998,0.9711665981073593,1446265
cv300k,4,0.01,4.680050933016739,0.9800828006630338,0.9982203926071281,none,expF,0.6,0.4,,0.9710043730675113,0.9687853335486998,0.9711362796797146,1447648
cv300k,4,0.01,4.680050933016739,0.9800828006630338,0.9982203926071281,none,expF,0.7,0.0,,0.970795644789537,0.9768211920529801,0.9704374675153365,1444048
cv300k,4,0.01,4.680050933016739,0.9800828006630338,0.9982203926071281,none,expF,0.7,0.2,,0.970806876273557,0.9768211920529801,0.9704493666337067,1445591
cv300k,4,0.01,4.680050933016739,0.9800828006630338,0.9982203926071281,none,expF,0.7,0.4,,0.9707768906991544,0.9768211920529801,0.9704175986234795,1446965
cv300k,4,0.01,4.680050933016739,0.9800828006630338,0.9982203926071281,none,thr,,,0.5,0.9683890814013718,0.9578016475528993,0.9690184314057491,1476803
cv300k,4,0.01,4.680050933016739,0.9800828006630338,0.9982203926071281,none,thr,,,0.55,0.9695364572810176,0.9641011145210789,0.9698595509634639,1468630
cv300k,4,0.01,4.680050933016739,0.9800828006630338,0.9982203926071281,none,thr,,,0.6,0.9702309892465575,0.9687853335486998,0.9703169235185253,1461539
cv300k,4,0.01,4.680050933016739,0.9800828006630338,0.9982203926071281,none,thr,,,0.65,0.9705799689435729,0.9728234534000969,0.9704466092482263,1454989
cv300k,4,0.01,4.680050933016739,0.9800828006630338,0.9982203926071281,none,thr,,,0.7,0.9705876466298295,0.9768211920529801,0.970217105297955,1448004
cv300k,4,0.01,4.680050933016739,0.9800828006630338,0.9982203926071281,none,thr,,,0.75,0.9701374244974217,0.9803747375222096,0.9695288867639943,1440110
cv300k,4,0.01,4.680050933016739,0.9800828006630338,0.9982203926071281,none,thr,,,0.8,0.9691875902808428,0.9835648522048135,0.9683329611058905,1431321
cv300k,4,0.01,4.680050933016739,0.9800828006630338,0.9982203926071281,fold,expF,0.0,0.0,,0.9709021354729456,0.9500888386367308,0.9721393425849283,1445730
cv300k,4,0.01,4.680050933016739,0.9800828006630338,0.9982203926071281,fold,expF,0.0,0.2,,0.970917650071899,0.9512195121951219,0.9720885686661874,1447262
cv300k,4,0.01,4.680050933016739,0.9800828006630338,0.9982203926071281,fold,expF,0.0,0.4,,0.9708998040220796,0.9524309481505411,0.9719976502698059,1448611
cv300k,4,0.01,4.680050933016739,0.9800828006630338,0.9982203926071281,fold,expF,0.4,0.0,,0.9709105983499251,0.9506541754159263,0.9721147031447824,1445680
cv300k,4,0.01,4.680050933016739,0.9800828006630338,0.9982203926071281,fold,expF,0.4,0.2,,0.9709243736208689,0.9517444677758036,0.9720644868910254,1447214
cv300k,4,0.01,4.680050933016739,0.9800828006630338,0.9982203926071281,fold,expF,0.4,0.4,,0.9708973388842612,0.9527136165401389,0.9719782359080967,1448576
cv300k,4,0.01,4.680050933016739,0.9800828006630338,0.9982203926071281,fold,expF,0.5,0.0,,0.9709823125589501,0.9578016475528993,0.9717658122906108,1445234
cv300k,4,0.01,4.680050933016739,0.9800828006630338,0.9982203926071281,fold,expF,0.5,0.2,,0.9709915744044852,0.9578016475528993,0.9717756246890572,1446815
cv300k,4,0.01,4.680050933016739,0.9800828006630338,0.9982203926071281,fold,expF,0.5,0.4,,0.970961061011858,0.9578016475528993,0.9717432974854483,1448219
cv300k,4,0.01,4.680050933016739,0.9800828006630338,0.9982203926071281,fold,expF,0.6,0.0,,0.9710306046892878,0.9687853335486998,0.9711640705906934,1444564
cv300k,4,0.01,4.680050933016739,0.9800828006630338,0.9982203926071281,fold,expF,0.6,0.2,,0.9710391113002924,0.9687853335486998,0.9711730828611191,1446141
cv300k,4,0.01,4.680050933016739,0.9800828006630338,0.9982203926071281,fold,expF,0.6,0.4,,0.9710088937895918,0.9687853335486998,0.971141069127579,1447534
cv300k,4,0.01,4.680050933016739,0.9800828006630338,0.9982203926071281,fold,expF,0.7,0.0,,0.97080360946355,0.9768211920529801,0.9704459056343503,1443905
cv300k,4,0.01,4.680050933016739,0.9800828006630338,0.9982203926071281,fold,expF,0.7,0.2,,0.970813500671194,0.9768211920529801,0.970456384806147,1445471
cv300k,4,0.01,4.680050933016739,0.9800828006630338,0.9982203926071281,fold,expF,0.7,0.4,,0.9707814114212349,0.9768211920529801,0.970422388071344,1446852
cv300k,4,0.01,4.680050933016739,0.9800828006630338,0.9982203926071281,fold,thr,,,0.5,0.9684251000091969,0.9578016475528993,0.9690565910716736,1476602
cv300k,4,0.01,4.680050933016739,0.9800828006630338,0.9982203926071281,fold,thr,,,0.55,0.9695479773649037,0.9641011145210789,0.9698717558369742,1468562
cv300k,4,0.01,4.680050933016739,0.9800828006630338,0.9982203926071281,fold,thr,,,0.6,0.970235145397535,0.9687853335486998,0.970321326724046,1461515
cv300k,4,0.01,4.680050933016739,0.9800828006630338,0.9982203926071281,fold,thr,,,0.65,0.9705793829518524,0.9728234534000969,0.9704459884233351,1454981
cv300k,4,0.01,4.680050933016739,0.9800828006630338,0.9982203926071281,fold,thr,,,0.7,0.9705879820135849,0.9768211920529801,0.9702174606179641,1448002
cv300k,4,0.01,4.680050933016739,0.9800828006630338,0.9982203926071281,fold,thr,,,0.75,0.9701374244974217,0.9803747375222096,0.9695288867639943,1440110
cv300k,4,0.01,4.680050933016739,0.9800828006630338,0.9982203926071281,fold,thr,,,0.8,0.9691875902808428,0.9835648522048135,0.9683329611058905,1431321
cv300k,4,0.01,4.680050933016739,0.9800828006630338,0.9982203926071281,global,expF,0.0,0.0,,0.9709622285584896,0.9514617993862058,0.9721213947323313,1445415
cv300k,4,0.01,4.680050933016739,0.9800828006630338,0.9982203926071281,global,expF,0.0,0.2,,0.9709662076010226,0.9526328541431109,0.9720559991637487,1446916
cv300k,4,0.01,4.680050933016739,0.9800828006630338,0.9982203926071281,global,expF,0.0,0.4,,0.9709601576812698,0.9536827653044743,0.9719871796323476,1448284
cv300k,4,0.01,4.680050933016739,0.9800828006630338,0.9982203926071281,global,expF,0.4,0.0,,0.9709631211083893,0.9517848489743176,0.9721031372656822,1445382
cv300k,4,0.01,4.680050933016739,0.9800828006630338,0.9982203926071281,global,expF,0.4,0.2,,0.9709685076334564,0.9529155225327087,0.9720416332288355,1446886
cv300k,4,0.01,4.680050933016739,0.9800828006630338,0.9982203926071281,global,expF,0.4,0.4,,0.9709579263065206,0.9538846712970441,0.9719728136974343,1448258
cv300k,4,0.01,4.680050933016739,0.9800828006630338,0.9982203926071281,global,expF,0.5,0.0,,0.971012984191939,0.9580035535454692,0.9717863052205736,1444992
cv300k,4,0.01,4.680050933016739,0.9800828006630338,0.9982203926071281,global,expF,0.5,0.2,,0.9710202767851068,0.9580035535454692,0.9717940313081658,1446548
cv300k,4,0.01,4.680050933016739,0.9800828006630338,0.9982203926071281,global,expF,0.5,0.4,,0.9710050381785661,0.9580035535454692,0.9717778868714466,1447965
cv300k,4,0.01,4.680050933016739,0.9800828006630338,0.9982203926071281,global,expF,0.6,0.0,,0.9710543942067498,0.9687853335486998,0.9711892742310798,1444340
cv300k,4,0.01,4.680050933016739,0.9800828006630338,0.9982203926071281,global,expF,0.6,0.2,,0.9710609315653869,0.9687853335486998,0.9711962001906517,1445891
cv300k,4,0.01,4.680050933016739,0.9800828006630338,0.9982203926071281,global,expF,0.6,0.4,,0.9710459888407725,0.9687853335486998,0.9711803692240008,1447298
cv300k,4,0.01,4.680050933016739,0.9800828006630338,0.9982203926071281,global,expF,0.7,0.0,,0.970827982571331,0.9768211920529801,0.9704717275554797,1443686
cv300k,4,0.01,4.680050933016739,0.9800828006630338,0.9982203926071281,global,expF,0.7,0.2,,0.9708359045266077,0.9768211920529801,0.9704801204164225,1445227
cv300k,4,0.01,4.680050933016739,0.9800828006630338,0.9982203926071281,global,expF,0.7,0.4,,0.9708195314335641,0.9768211920529801,0.9704627740557936,1446622
cv300k,4,0.01,4.680050933016739,0.9800828006630338,0.9982203926071281,global,thr,,,0.5,0.9686055268923528,0.9580035535454692,0.9692357411697465,1475788
cv300k,4,0.01,4.680050933016739,0.9800828006630338,0.9982203926071281,global,thr,,,0.55,0.9696117884281112,0.964141495719593,0.9699369596442268,1468309
cv300k,4,0.01,4.680050933016739,0.9800828006630338,0.9982203926071281,global,thr,,,0.6,0.9702610372756176,0.9687853335486998,0.970348757695909,1461408
cv300k,4,0.01,4.680050933016739,0.9800828006630338,0.9982203926071281,global,thr,,,0.65,0.9705902791416056,0.9728234534000969,0.9704575323165041,1454937
cv300k,4,0.01,4.680050933016739,0.9800828006630338,0.9982203926071281,global,thr,,,0.7,0.9705932846713102,0.9768211920529801,0.9702230784821606,1447981
cv300k,4,0.01,4.680050933016739,0.9800828006630338,0.9982203926071281,global,thr,,,0.75,0.9701381769488359,0.9803747375222096,0.9695296839434615,1440106
cv300k,4,0.01,4.680050933016739,0.9800828006630338,0.9982203926071281,global,thr,,,0.8,0.9691877934707804,0.9835648522048135,0.9683331763740698,1431319
cv300k,0,0.03,4.026513203357765,0.9762704589264192,0.9945468034376268,none,expF,0.0,0.0,,0.9708740063779331,0.9481076705120421,0.9722238895622245,1448603
cv300k,0,0.03,4.026513203357765,0.9762704589264192,0.9945468034376268,none,expF,0.0,0.2,,0.9709115339233448,0.949645820684072,0.9721724407672373,1449933
cv300k,0,0.03,4.026513203357765,0.9762704589264192,0.9945468034376268,none,expF,0.0,0.4,,0.9709196269707846,0.9507387168589354,0.972116212638507,1451292
cv300k,0,0.03,4.026513203357765,0.9762704589264192,0.9945468034376268,none,expF,0.4,0.0,,0.9709000913348576,0.9491196114146934,0.972191520213146,1448517
cv300k,0,0.03,4.026513203357765,0.9762704589264192,0.9945468034376268,none,expF,0.4,0.2,,0.9709317486615368,0.9504958510422992,0.9721434532904507,1449856
cv300k,0,0.03,4.026513203357765,0.9762704589264192,0.9945468034376268,none,expF,0.4,0.4,,0.9709396357363895,0.9514268366727383,0.9720966071300138,1451226
cv300k,0,0.03,4.026513203357765,0.9762704589264192,0.9945468034376268,none,expF,0.5,0.0,,0.9710691400663206,0.9572151386359037,0.9718905846622464,1448080
cv300k,0,0.03,4.026513203357765,0.9762704589264192,0.9945468034376268,none,expF,0.5,0.2,,0.9710798192484732,0.9572151386359037,0.9719018970445983,1449466
cv300k,0,0.03,4.026513203357765,0.9762704589264192,0.9945468034376268,none,expF,0.5,0.4,,0.9710678140303148,0.9572151386359037,0.9718891800016558,1450858
cv300k,0,0.03,4.026513203357765,0.9762704589264192,0.9945468034376268,none,expF,0.6,0.0,,0.9710981834271303,0.9674964582068407,0.9713117403358021,1447437
cv300k,0,0.03,4.026513203357765,0.9762704589264192,0.9945468034376268,none,expF,0.6,0.2,,0.9711079815043268,0.9674964582068407,0.9713221193698871,1448816
cv300k,0,0.03,4.026513203357765,0.9762704589264192,0.9945468034376268,none,expF,0.6,0.4,,0.9710902176359205,0.9674964582068407,0.971303302229343,1450195
cv300k,0,0.03,4.026513203357765,0.9762704589264192,0.9945468034376268,none,expF,0.7,0.0,,0.9707972090021314,0.9759158065168995,0.9704937122623379,1446702
cv300k,0,0.03,4.026513203357765,0.9762704589264192,0.9945468034376268,none,expF,0.7,0.2,,0.9708086613988371,0.9759158065168995,0.9705058437054139,1448076
cv300k,0,0.03,4.026513203357765,0.9762704589264192,0.9945468034376268,none,expF,0.7,0.4,,0.9707885374278702,0.9759158065168995,0.970484526524869,1449446
cv300k,0,0.03,4.026513203357765,0.9762704589264192,0.9945468034376268,none,thr,,,0.5,0.9685960476438726,0.9572151386359037,0.9692708552976955,1477725
cv300k,0,0.03,4.026513203357765,0.9762704589264192,0.9945468034376268,none,thr,,,0.55,0.9697017379222073,0.9625177089657964,0.9701277001824868,1470143
cv300k,0,0.03,4.026513203357765,0.9762704589264192,0.9945468034376268,none,thr,,,0.6,0.9703334302999985,0.9674964582068407,0.9705016427407451,1463638
cv300k,0,0.03,4.026513203357765,0.9762704589264192,0.9945468034376268,none,thr,,,0.65,0.9706064277694683,0.9717466099979761,0.9705388230030993,1457213
cv300k,0,0.03,4.026513203357765,0.9762704589264192,0.9945468034376268,none,thr,,,0.7,0.9706202485368736,0.9759158065168995,0.9703062592892939,1450689
cv300k,0,0.03,4.026513203357765,0.9762704589264192,0.9945468034376268,none,thr,,,0.75,0.9702884706647156,0.9797207043108682,0.9697292057191287,1443246
cv300k,0,0.03,4.026513203357765,0.9762704589264192,0.9945468034376268,none,thr,,,0.8,0.9696583277034219,0.9829589151993524,0.9688696966515163,1434895
cv300k,0,0.03,4.026513203357765,0.9762704589264192,0.9945468034376268,fold,expF,0.0,0.0,,0.9709031409995602,0.9487148350536329,0.9722187510854675,1448485
cv300k,0,0.03,4.026513203357765,0.9762704589264192,0.9945468034376268,fold,expF,0.0,0.2,,0.9709467996511333,0.9503339404978749,0.9721689968512035,1449817
cv300k,0,0.03,4.026513203357765,0.9762704589264192,0.9945468034376268,fold,expF,0.0,0.4,,0.9709547670764385,0.9513863590366323,0.9721150356902325,1451166
cv300k,0,0.03,4.026513203357765,0.9762704589264192,0.9945468034376268,fold,expF,0.4,0.0,,0.970920163162652,0.9495648654118599,0.972186381736389,1448406
cv300k,0,0.03,4.026513203357765,0.9762704589264192,0.9945468034376268,fold,expF,0.4,0.2,,0.9709579515954927,0.9510220603116778,0.9721400093744169,1449747
cv300k,0,0.03,4.026513203357765,0.9762704589264192,0.9945468034376268,fold,expF,0.4,0.4,,0.9709679787466686,0.9519530459421169,0.972095430181739,1451107
cv300k,0,0.03,4.026513203357765,0.9762704589264192,0.9945468034376268,fold,expF,0.5,0.0,,0.9710723989730164,0.9572151386359037,0.97189403679913,1447988
cv300k,0,0.03,4.026513203357765,0.9762704589264192,0.9945468034376268,fold,expF,0.5,0.2,,0.9710851192342436,0.9572151386359037,0.9719075112821532,1449381
cv300k,0,0.03,4.026513203357765,0.9762704589264192,0.9945468034376268,fold,expF,0.5,0.4,,0.9710756317088184,0.9572151386359037,0.9718974612133697,1450763
cv300k,0,0.03,4.026513203357765,0.9762704589264192,0.9945468034376268,fold,expF,0.6,0.0,,0.9711014423338261,0.9674964582068407,0.9713151924726855,1447345
cv300k,0,0.03,4.026513203357765,0.9762704589264192,0.9945468034376268,fold,expF,0.6,0.2,,0.9711132814900972,0.9674964582068407,0.971327733607442,1448731
cv300k,0,0.03,4.026513203357765,0.9762704589264192,0.9945468034376268,fold,expF,0.6,0.4,,0.9710996401841654,0.9674964582068407,0.9713132834682575,1450102
cv300k,0,0.03,4.026513203357765,0.9762704589264192,0.9945468034376268,fold,expF,0.7,0.0,,0.9707993807055378,0.9759158065168995,0.970496012732443,1446613
cv300k,0,0.03,4.026513203357765,0.9762704589264192,0.9945468034376268,fold,expF,0.7,0.2,,0.9708136294141374,0.9759158065168995,0.9705111062889904,1447993
cv300k,0,0.03,4.026513203357765,0.9762704589264192,0.9945468034376268,fold,expF,0.7,0.4,,0.9707976280056452,0.9759158065168995,0.9704941561098055,1449356
cv300k,0,0.03,4.026513203357765,0.9762704589264192,0.9945468034376268,fold,thr,,,0.5,0.9686390247789642,0.9572151386359037,0.969316380673853,1477513
cv300k,0,0.03,4.026513203357765,0.9762704589264192,0.9945468034376268,fold,thr,,,0.55,0.9697156957843867,0.9625177089657964,0.9701424856474725,1470074
cv300k,0,0.03,4.026513203357765,0.9762704589264192,0.9945468034376268,fold,thr,,,0.6,0.970338499917923,0.9674964582068407,0.9705070129512651,1463611
cv300k,0,0.03,4.026513203357765,0.9762704589264192,0.9945468034376268,fold,thr,,,0.65,0.9706084224033676,0.9717466099979761,0.970540935904724,1457197
cv300k,0,0.03,4.026513203357765,0.9762704589264192,0.9945468034376268,fold,thr,,,0.7,0.9706198242782859,0.9759158065168995,0.9703058098751635,1450685
cv300k,0,0.03,4.026513203357765,0.9762704589264192,0.9945468034376268,fold,thr,,,0.75,0.9702884110410719,0.9797207043108682,0.9697291425602234,1443244
cv300k,0,0.03,4.026513203357765,0.9762704589264192,0.9945468034376268,fold,thr,,,0.8,0.9696586456961879,0.9829589151993524,0.9688700334990111,1434894
cv300k,0,0.03,4.026513203357765,0.9762704589264192,0.9945468034376268,global,expF,0.0,0.0,,0.9709443798663351,0.9500910746812387,0.972180833820633,1448229
cv300k,0,0.03,4.026513203357765,0.9762704589264192,0.9945468034376268,global,expF,0.0,0.2,,0.9709850142451935,0.9515887472171625,0.9721350761108092,1449550
cv300k,0,0.03,4.026513203357765,0.9762704589264192,0.9945468034376268,global,expF,0.0,0.4,,0.9709868951630019,0.9526006881198138,0.9720770675937654,1450877
cv300k,0,0.03,4.026513203357765,0.9762704589264192,0.9945468034376268,global,expF,0.4,0.0,,0.9709613219289763,0.9506577615867233,0.9721651798905165,1448186
cv300k,0,0.03,4.026513203357765,0.9762704589264192,0.9945468034376268,global,expF,0.4,0.2,,0.9709925158975922,0.951993523578223,0.9721190221742927,1449513
cv300k,0,0.03,4.026513203357765,0.9762704589264192,0.9945468034376268,global,expF,0.4,0.4,,0.9709964565412718,0.9528840315725562,0.9720703956255422,1450851
cv300k,0,0.03,4.026513203357765,0.9762704589264192,0.9945468034376268,global,expF,0.5,0.0,,0.9710813344723799,0.9572556162720097,0.9719011020721978,1447821
cv300k,0,0.03,4.026513203357765,0.9762704589264192,0.9945468034376268,global,expF,0.5,0.2,,0.9710911105613425,0.9572556162720097,0.9719114578143017,1449197
cv300k,0,0.03,4.026513203357765,0.9762704589264192,0.9945468034376268,global,expF,0.5,0.4,,0.9710868470389782,0.9572556162720097,0.9719069414951246,1450559
cv300k,0,0.03,4.026513203357765,0.9762704589264192,0.9945468034376268,global,expF,0.6,0.0,,0.9711137534950337,0.9674964582068407,0.9713282335989429,1447188
cv300k,0,0.03,4.026513203357765,0.9762704589264192,0.9945468034376268,global,expF,0.6,0.2,,0.9711224196206104,0.9674964582068407,0.9713374135646587,1448555
cv300k,0,0.03,4.026513203357765,0.9762704589264192,0.9945468034376268,global,expF,0.6,0.4,,0.9711155127833779,0.9674964582068407,0.9713300972006808,1449909
cv300k,0,0.03,4.026513203357765,0.9762704589264192,0.9945468034376268,global,expF,0.7,0.0,,0.9708116918667455,0.9759158065168995,0.9705090538587005,1446459
cv300k,0,0.03,4.026513203357765,0.9762704589264192,0.9945468034376268,global,expF,0.7,0.2,,0.9708231451610604,0.9759158065168995,0.9705211862526074,1447820
cv300k,0,0.03,4.026513203357765,0.9762704589264192,0.9945468034376268,global,expF,0.7,0.4,,0.9708147278581891,0.9759158065168995,0.9705122698630291,1449168
cv300k,0,0.03,4.026513203357765,0.9762704589264192,0.9945468034376268,global,thr,,,0.5,0.9687883747800395,0.9572556162720097,0.9694721860384776,1476839
cv300k,0,0.03,4.026513203357765,0.9762704589264192,0.9945468034376268,global,thr,,,0.55,0.9697687213598165,0.9625177089657964,0.9701986552656252,1469856
cv300k,0,0.03,4.026513203357765,0.9762704589264192,0.9945468034376268,global,thr,,,0.6,0.9703610127940332,0.9674964582068407,0.9705308606821833,1463529
cv300k,0,0.03,4.026513203357765,0.9762704589264192,0.9945468034376268,global,thr,,,0.65,0.9706165540466604,0.9717466099979761,0.9705495496971255,1457161
cv300k,0,0.03,4.026513203357765,0.9762704589264192,0.9945468034376268,global,thr,,,0.7,0.9706226674638974,0.9759158065168995,0.9703088216416336,1450672
cv300k,0,0.03,4.026513203357765,0.9762704589264192,0.9945468034376268,global,thr,,,0.75,0.9702888066392152,0.9797207043108682,0.9697295616145474,1443241
cv300k,0,0.03,4.026513203357765,0.9762704589264192,0.9945468034376268,global,thr,,,0.8,0.9696570273401462,0.9829589151993524,0.9688683191858678,1434893
cv300k,1,0.03,4.011607199499733,0.9761752207373685,0.9944190170776344,none,expF,0.0,0.0,,0.9709704720721566,0.9492894843686561,0.9722518715431313,1448117
cv300k,1,0.03,4.011607199499733,0.9761752207373685,0.9944190170776344,none,expF,0.0,0.2,,0.9709621964885685,0.9506293138449046,0.9721639196489381,1449496
cv300k,1,0.03,4.011607199499733,0.9761752207373685,0.9944190170776344,none,expF,0.0,0.4,,0.9709600773842724,0.951969143321153,0.9720824880970402,1450850
cv300k,1,0.03,4.011607199499733,0.9761752207373685,0.9944190170776344,none,expF,0.4,0.0,,0.9709940232926789,0.9501421031262688,0.9722264228417886,1448054
cv300k,1,0.03,4.011607199499733,0.9761752207373685,0.9944190170776344,none,expF,0.4,0.2,,0.9709787145875253,0.9513195290296387,0.9721406206002116,1449439
cv300k,1,0.03,4.011607199499733,0.9761752207373685,0.9944190170776344,none,expF,0.4,0.4,,0.9709747073969028,0.9525375558262281,0.9720643882081295,1450799
cv300k,1,0.03,4.011607199499733,0.9761752207373685,0.9944190170776344,none,expF,0.5,0.0,,0.9711098253862703,0.9580592773041007,0.9718811447392961,1447577
cv300k,1,0.03,4.011607199499733,0.9761752207373685,0.9944190170776344,none,expF,0.5,0.2,,0.971091595460108,0.9580592773041007,0.9718618373798517,1449014
cv300k,1,0.03,4.011607199499733,0.9761752207373685,0.9944190170776344,none,expF,0.5,0.4,,0.9710621034737769,0.9580592773041007,0.9718306023449014,1450408
cv300k,1,0.03,4.011607199499733,0.9761752207373685,0.9944190170776344,none,expF,0.6,0.0,,0.9710059264415053,0.9678846934632562,0.9711903989545574,1446904
cv300k,1,0.03,4.011607199499733,0.9761752207373685,0.9944190170776344,none,expF,0.6,0.2,,0.9709863216011978,0.9678846934632562,0.9711696354201746,1448328
cv300k,1,0.03,4.011607199499733,0.9761752207373685,0.9944190170776344,none,expF,0.6,0.4,,0.9709545818930495,0.9678846934632562,0.9711360198175427,1449708
cv300k,1,0.03,4.011607199499733,0.9761752207373685,0.9944190170776344,none,expF,0.7,0.0,,0.9706844614325885,0.9765732846122614,0.9703364175606813,1446121
cv300k,1,0.03,4.011607199499733,0.9761752207373685,0.9944190170776344,none,expF,0.7,0.2,,0.9706642452119467,0.9765732846122614,0.9703150065118891,1447536
cv300k,1,0.03,4.011607199499733,0.9761752207373685,0.9944190170776344,none,expF,0.7,0.4,,0.9706314331361533,0.9765732846122614,0.9702802551620583,1448907
cv300k,1,0.03,4.011607199499733,0.9761752207373685,0.9944190170776344,none,thr,,,0.5,0.9685379427470501,0.9580592773041007,0.9691572575374438,1477350
cv300k,1,0.03,4.011607199499733,0.9761752207373685,0.9944190170776344,none,thr,,,0.55,0.9695922500783024,0.9636215996751929,0.9699451301395131,1469585
cv300k,1,0.03,4.011607199499733,0.9761752207373685,0.9944190170776344,none,thr,,,0.6,0.9701370699693181,0.9678846934632562,0.9702701909369961,1463017
cv300k,1,0.03,4.011607199499733,0.9761752207373685,0.9944190170776344,none,thr,,,0.65,0.9704212875998938,0.9722289890377588,0.9703144480177751,1456748
cv300k,1,0.03,4.011607199499733,0.9761752207373685,0.9944190170776344,none,thr,,,0.7,0.9704648674941627,0.9765732846122614,0.9701038450826995,1450028
cv300k,1,0.03,4.011607199499733,0.9761752207373685,0.9944190170776344,none,thr,,,0.75,0.9701265505713011,0.9798619569630532,0.9695511642111078,1442517
cv300k,1,0.03,4.011607199499733,0.9761752207373685,0.9944190170776344,none,thr,,,0.8,0.9693668013382296,0.9831912302070646,0.9685497437354438,1434117
cv300k,1,0.03,4.011607199499733,0.9761752207373685,0.9944190170776344,fold,expF,0.0,0.0,,0.9709901856440932,0.9498172959805116,0.9722415552765543,1448006
cv300k,1,0.03,4.011607199499733,0.9761752207373685,0.9944190170776344,fold,expF,0.0,0.2,,0.9709739937409294,0.9510759236703208,0.9721500184133564,1449387
cv300k,1,0.03,4.011607199499733,0.9761752207373685,0.9944190170776344,fold,expF,0.0,0.4,,0.9709687259075603,0.952212748680471,0.9720772500958993,1450754
cv300k,1,0.03,4.011607199499733,0.9761752207373685,0.9944190170776344,fold,expF,0.4,0.0,,0.971013844755263,0.9505481120584652,0.9722234196791284,1447951
cv300k,1,0.03,4.011607199499733,0.9761752207373685,0.9944190170776344,fold,expF,0.4,0.2,,0.9709906197305336,0.9516443361753959,0.9721340324685465,1449339
cv300k,1,0.03,4.011607199499733,0.9761752207373685,0.9944190170776344,fold,expF,0.4,0.4,,0.9709793100209202,0.9526593585058871,0.9720620640218303,1450710
cv300k,1,0.03,4.011607199499733,0.9761752207373685,0.9944190170776344,fold,expF,0.5,0.0,,0.9711137869237132,0.9580592773041007,0.9718853404133039,1447487
cv300k,1,0.03,4.011607199499733,0.9761752207373685,0.9944190170776344,fold,expF,0.5,0.2,,0.9710936825542192,0.9580592773041007,0.9718640478263363,1448926
cv300k,1,0.03,4.011607199499733,0.9761752207373685,0.9944190170776344,fold,expF,0.5,0.4,,0.9710653215011551,0.9580592773041007,0.9718340105655786,1450327
cv300k,1,0.03,4.011607199499733,0.9761752207373685,0.9944190170776344,fold,expF,0.6,0.0,,0.9710148607569609,0.9678846934632562,0.9711998613099371,1446818
cv300k,1,0.03,4.011607199499733,0.9761752207373685,0.9944190170776344,fold,expF,0.6,0.2,,0.9709933814733216,0.9678846934632562,0.9711771125480311,1448244
cv300k,1,0.03,4.011607199499733,0.9761752207373685,0.9944190170776344,fold,expF,0.6,0.4,,0.970964031422658,0.9678846934632562,0.9711460278374935,1449632
cv300k,1,0.03,4.011607199499733,0.9761752207373685,0.9944190170776344,fold,expF,0.7,0.0,,0.9706937733653093,0.9765732846122614,0.9703462798514313,1446036
cv300k,1,0.03,4.011607199499733,0.9761752207373685,0.9944190170776344,fold,expF,0.7,0.2,,0.9706713050840706,0.9765732846122614,0.9703224836397456,1447453
cv300k,1,0.03,4.011607199499733,0.9761752207373685,0.9944190170776344,fold,expF,0.7,0.4,,0.9706408826657618,0.9765732846122614,0.9702902631820088,1448832
cv300k,1,0.03,4.011607199499733,0.9761752207373685,0.9944190170776344,fold,thr,,,0.5,0.9685627196953287,0.9580592773041007,0.9691834988640453,1477186
cv300k,1,0.03,4.011607199499733,0.9761752207373685,0.9944190170776344,fold,thr,,,0.55,0.9696013520187219,0.9636215996751929,0.9699547700269026,1469545
cv300k,1,0.03,4.011607199499733,0.9761752207373685,0.9944190170776344,fold,thr,,,0.6,0.9701422973876569,0.9678846934632562,0.970275727308561,1463002
cv300k,1,0.03,4.011607199499733,0.9761752207373685,0.9944190170776344,fold,thr,,,0.65,0.9704252260817219,0.9722289890377588,0.9703186192735248,1456739
cv300k,1,0.03,4.011607199499733,0.9761752207373685,0.9944190170776344,fold,thr,,,0.7,0.9704670680138217,0.9765732846122614,0.9701061756584594,1450024
cv300k,1,0.03,4.011607199499733,0.9761752207373685,0.9944190170776344,fold,thr,,,0.75,0.9701265505713011,0.9798619569630532,0.9695511642111078,1442517
cv300k,1,0.03,4.011607199499733,0.9761752207373685,0.9944190170776344,fold,thr,,,0.8,0.9693668013382296,0.9831912302070646,0.9685497437354438,1434117
cv300k,1,0.03,4.011607199499733,0.9761752207373685,0.9944190170776344,global,expF,0.0,0.0,,0.9710148462112606,0.9508729192042225,0.9722052834258467,1447728
cv300k,1,0.03,4.011607199499733,0.9761752207373685,0.9944190170776344,global,expF,0.0,0.2,,0.9710147041128215,0.9522533495736906,0.9721235461134714,1449116
cv300k,1,0.03,4.011607199499733,0.9761752207373685,0.9944190170776344,global,expF,0.0,0.4,,0.9709883654844441,0.9531871701177426,0.972040459726531,1450490
cv300k,1,0.03,4.011607199499733,0.9761752207373685,0.9944190170776344,global,expF,0.4,0.0,,0.9710305982457546,0.9514007308160779,0.9721907714852621,1447686
cv300k,1,0.03,4.011607199499733,0.9761752207373685,0.9944190170776344,global,expF,0.4,0.2,,0.97102342302575,0.9526187576126675,0.9721111838255028,1449081
cv300k,1,0.03,4.011607199499733,0.9761752207373685,0.9944190170776344,global,expF,0.4,0.4,,0.970997839631903,0.9535525781567195,0.9720288973093035,1450456
cv300k,1,0.03,4.011607199499733,0.9761752207373685,0.9944190170776344,global,expF,0.5,0.0,,0.9711287162071893,0.9582216808769793,0.9718915536051052,1447276
cv300k,1,0.03,4.011607199499733,0.9761752207373685,0.9944190170776344,global,expF,0.5,0.2,,0.971115175438999,0.9582216808769793,0.9718772125443528,1448726
cv300k,1,0.03,4.011607199499733,0.9761752207373685,0.9944190170776344,global,expF,0.5,0.4,,0.9710841389462771,0.9582216808769793,0.9718443417189014,1450136
cv300k,1,0.03,4.011607199499733,0.9761752207373685,0.9944190170776344,global,expF,0.6,0.0,,0.9710261397402062,0.9679252943564759,0.9712094072964921,1446613
cv300k,1,0.03,4.011607199499733,0.9761752207373685,0.9944190170776344,global,expF,0.6,0.2,,0.9710108367581111,0.9679252943564759,0.9711931998706775,1448052
cv300k,1,0.03,4.011607199499733,0.9761752207373685,0.9944190170776344,global,expF,0.6,0.4,,0.97097881126779,0.9679252943564759,0.9711592815954465,1449450
cv300k,1,0.03,4.011607199499733,0.9761752207373685,0.9944190170776344,global,expF,0.7,0.0,,0.9707061852003503,0.9765732846122614,0.9703594252563204,1445840
cv300k,1,0.03,4.011607199499733,0.9761752207373685,0.9944190170776344,global,expF,0.7,0.2,,0.9706902708379211,0.9765732846122614,0.9703425703160966,1447269
cv300k,1,0.03,4.011607199499733,0.9761752207373685,0.9944190170776344,global,expF,0.7,0.4,,0.9706560401281589,0.9765732846122614,0.970306316487555,1448657
cv300k,1,0.03,4.011607199499733,0.9761752207373685,0.9944190170776344,global,thr,,,0.5,0.9687222488112226,0.9582216808769793,0.9693428580924918,1476485
cv300k,1,0.03,4.011607199499733,0.9761752207373685,0.9944190170776344,global,thr,,,0.55,0.9696481979967055,0.9636622005684125,0.9700019851046902,1469335
cv300k,1,0.03,4.011607199499733,0.9761752207373685,0.9944190170776344,global,thr,,,0.6,0.9701655331995619,0.9679252943564759,0.9702979368016325,1462910
cv300k,1,0.03,4.011607199499733,0.9761752207373685,0.9944190170776344,global,thr,,,0.65,0.9704333415557245,0.9722695899309785,0.9703248147796937,1456700
cv300k,1,0.03,4.011607199499733,0.9761752207373685,0.9944190170776344,global,thr,,,0.7,0.9704699582981801,0.9765732846122614,0.9701092367657015,1450007
cv300k,1,0.03,4.011607199499733,0.9761752207373685,0.9944190170776344,global,thr,,,0.75,0.9701262717139855,0.9798619569630532,0.9695508688726417,1442512
cv300k,1,0.03,4.011607199499733,0.9761752207373685,0.9944190170776344,global,thr,,,0.8,0.9693663593543851,0.9831912302070646,0.9685492756292714,1434115
cv300k,2,0.03,4.0230807224875615,0.9764272644248553,0.994562002836694,none,expF,0.0,0.0,,0.9707321599400147,0.9463894078466412,0.9721703812904977,1447115
cv300k,2,0.03,4.0230807224875615,0.9764272644248553,0.994562002836694,none,expF,0.0,0.2,,0.9707568536341745,0.9479733571602632,0.9721029508602296,1448554
cv300k,2,0.03,4.0230807224875615,0.9764272644248553,0.994562002836694,none,expF,0.0,0.4,,0.9707752454060495,0.9496385346438144,0.972024047044444,1449885
cv300k,2,0.03,4.0230807224875615,0.9764272644248553,0.994562002836694,none,expF,0.4,0.0,,0.9707561725565248,0.9474047599707579,0.9721358234692878,1447028
cv300k,2,0.03,4.0230807224875615,0.9764272644248553,0.994562002836694,none,expF,0.4,0.2,,0.9707779895754353,0.9487856388595565,0.9720773442344962,1448476
cv300k,2,0.03,4.0230807224875615,0.9764272644248553,0.994562002836694,none,expF,0.4,0.4,,0.9707837140045028,0.9501665177483551,0.9720018216255703,1449826
cv300k,2,0.03,4.0230807224875615,0.9764272644248553,0.994562002836694,none,expF,0.5,0.0,,0.9709227130877075,0.9559743318983023,0.9718058951083476,1446547
cv300k,2,0.03,4.0230807224875615,0.9764272644248553,0.994562002836694,none,expF,0.5,0.2,,0.9709207445886034,0.9559743318983023,0.971803810306147,1448045
cv300k,2,0.03,4.0230807224875615,0.9764272644248553,0.994562002836694,none,expF,0.5,0.4,,0.9708917102474919,0.9559743318983023,0.9717730605546694,1449445
cv300k,2,0.03,4.0230807224875615,0.9764272644248553,0.994562002836694,none,expF,0.6,0.0,,0.9709180488605988,0.9670213630086915,0.9711482733137273,1445856
cv300k,2,0.03,4.0230807224875615,0.9764272644248553,0.994562002836694,none,expF,0.6,0.2,,0.9709139176444299,0.9670213630086915,0.9711438980165575,1447343
cv300k,2,0.03,4.0230807224875615,0.9764272644248553,0.994562002836694,none,expF,0.6,0.4,,0.9708839077920497,0.9670213630086915,0.9711121151185391,1448735
cv300k,2,0.03,4.0230807224875615,0.9764272644248553,0.994562002836694,none,expF,0.7,0.0,,0.9706652537179847,0.9759564617009179,0.9703526379438229,1445106
cv300k,2,0.03,4.0230807224875615,0.9764272644248553,0.994562002836694,none,expF,0.7,0.2,,0.9706594681785586,0.9759564617009179,0.970346510582474,1446579
cv300k,2,0.03,4.0230807224875615,0.9764272644248553,0.994562002836694,none,expF,0.7,0.4,,0.9706268558729911,0.9759564617009179,0.9703119714728221,1447964
cv300k,2,0.03,4.0230807224875615,0.9764272644248553,0.994562002836694,none,thr,,,0.5,0.9682625990886917,0.9559743318983023,0.9689886159402732,1477501
cv300k,2,0.03,4.0230807224875615,0.9764272644248553,0.994562002836694,none,thr,,,0.55,0.9693841850283209,0.9619039883031435,0.96982613089355,1469434
cv300k,2,0.03,4.0230807224875615,0.9764272644248553,0.994562002836694,none,thr,,,0.6,0.9700874777246897,0.9670213630086915,0.9702686302759981,1462606
cv300k,2,0.03,4.0230807224875615,0.9764272644248553,0.994562002836694,none,thr,,,0.65,0.9704539738708323,0.971570140524734,0.9703880283809312,1456102
cv300k,2,0.03,4.0230807224875615,0.9764272644248553,0.994562002836694,none,thr,,,0.7,0.970507897813266,0.9759564617009179,0.970185985118981,1449078
cv300k,2,0.03,4.0230807224875615,0.9764272644248553,0.994562002836694,none,thr,,,0.75,0.970162749983061,0.9795305011778085,0.9696092834020179,1441470
cv300k,2,0.03,4.0230807224875615,0.9764272644248553,0.994562002836694,none,thr,,,0.8,0.9693806516414206,0.9835512955893104,0.9685434199842206,1432773
cv300k,2,0.03,4.0230807224875615,0.9764272644248553,0.994562002836694,fold,expF,0.0,0.0,,0.970762874676182,0.9470798472910406,0.9721621180936368,1446996
cv300k,2,0.03,4.0230807224875615,0.9764272644248553,0.994562002836694,fold,expF,0.0,0.2,,0.9707951010305624,0.9486231825196978,0.9721050649352674,1448429
cv300k,2,0.03,4.0230807224875615,0.9764272644248553,0.994562002836694,fold,expF,0.0,0.4,,0.9708102711401306,0.9502477459182844,0.9720251486807009,1449773
cv300k,2,0.03,4.0230807224875615,0.9764272644248553,0.994562002836694,fold,expF,0.4,0.0,,0.9707790345700166,0.9478921289903338,0.9721312414250562,1446923
cv300k,2,0.03,4.0230807224875615,0.9764272644248553,0.994562002836694,fold,expF,0.4,0.2,,0.9708069681844032,0.9492323937941678,0.9720816397333144,1448366
cv300k,2,0.03,4.0230807224875615,0.9764272644248553,0.994562002836694,fold,expF,0.4,0.4,,0.970814002358347,0.9506538867679312,0.9720051046856075,1449724
cv300k,2,0.03,4.0230807224875615,0.9764272644248553,0.994562002836694,fold,expF,0.5,0.0,,0.9709373754120108,0.956136788238161,0.971811825449191,1446458
cv300k,2,0.03,4.0230807224875615,0.9764272644248553,0.994562002836694,fold,expF,0.5,0.2,,0.9709406603832049,0.956136788238161,0.9718153045034407,1447950
cv300k,2,0.03,4.0230807224875615,0.9764272644248553,0.994562002836694,fold,expF,0.5,0.4,,0.970906138676195,0.956136788238161,0.9717787431808652,1449357
cv300k,2,0.03,4.0230807224875615,0.9764272644248553,0.994562002836694,fold,expF,0.6,0.0,,0.9709236483705357,0.9670213630086915,0.9711542036545706,1445774
cv300k,2,0.03,4.0230807224875615,0.9764272644248553,0.994562002836694,fold,expF,0.6,0.2,,0.970925800489934,0.9670213630086915,0.9711564829257412,1447255
cv300k,2,0.03,4.0230807224875615,0.9764272644248553,0.994562002836694,fold,expF,0.6,0.4,,0.9708903032716555,0.9670213630086915,0.9711188884566253,1448654
cv300k,2,0.03,4.0230807224875615,0.9764272644248553,0.994562002836694,fold,expF,0.7,0.0,,0.9706708532279217,0.9759564617009179,0.9703585682846663,1445024
cv300k,2,0.03,4.0230807224875615,0.9764272644248553,0.994562002836694,fold,expF,0.7,0.2,,0.9706713510240627,0.9759564617009179,0.9703590954916577,1446492
cv300k,2,0.03,4.0230807224875615,0.9764272644248553,0.994562002836694,fold,expF,0.7,0.4,,0.9706337319563889,0.9759564617009179,0.9703192538097902,1447885
cv300k,2,0.03,4.0230807224875615,0.9764272644248553,0.994562002836694,fold,thr,,,0.5,0.9683039781385928,0.956136788238161,0.9690228414874476,1477345
cv300k,2,0.03,4.0230807224875615,0.9764272644248553,0.994562002836694,fold,thr,,,0.55,0.9693953538276332,0.9619039883031435,0.9698379595691807,1469395
cv300k,2,0.03,4.0230807224875615,0.9764272644248553,0.994562002836694,fold,thr,,,0.6,0.9700911326326177,0.9670213630086915,0.9702725011236273,1462594
cv300k,2,0.03,4.0230807224875615,0.9764272644248553,0.994562002836694,fold,thr,,,0.65,0.9704551017432252,0.971570140524734,0.9703892228904138,1456095
cv300k,2,0.03,4.0230807224875615,0.9764272644248553,0.994562002836694,fold,thr,,,0.7,0.9705082331970215,0.9759564617009179,0.970186340317919,1449076
cv300k,2,0.03,4.0230807224875615,0.9764272644248553,0.994562002836694,fold,thr,,,0.75,0.970162749983061,0.9795305011778085,0.9696092834020179,1441470
cv300k,2,0.03,4.0230807224875615,0.9764272644248553,0.994562002836694,fold,thr,,,0.8,0.9693806516414206,0.9835512955893104,0.9685434199842206,1432773
cv300k,2,0.03,4.0230807224875615,0.9764272644248553,0.994562002836694,global,expF,0.0,0.0,,0.9708033994167361,0.9481358135001219,0.9721426484015729,1446724
cv300k,2,0.03,4.0230807224875615,0.9764272644248553,0.994562002836694,global,expF,0.0,0.2,,0.970830736335575,0.9494760783039559,0.9720924147602465,1448168
cv300k,2,0.03,4.0230807224875615,0.9764272644248553,0.994562002836694,global,expF,0.0,0.4,,0.9708398530557862,0.9510600276175778,0.9720084870354179,1449506
cv300k,2,0.03,4.0230807224875615,0.9764272644248553,0.994562002836694,global,expF,0.4,0.0,,0.9708068331183192,0.9486231825196978,0.9721174901796167,1446672
cv300k,2,0.03,4.0230807224875615,0.9764272644248553,0.994562002836694,global,expF,0.4,0.2,,0.9708325157139008,0.9498416050686378,0.9720727031725866,1448124
cv300k,2,0.03,4.0230807224875615,0.9764272644248553,0.994562002836694,global,expF,0.4,0.4,,0.9708323636466918,0.9512224839574365,0.971990956871538,1449474
cv300k,2,0.03,4.0230807224875615,0.9764272644248553,0.994562002836694,global,expF,0.5,0.0,,0.9709519573560291,0.9562180164080903,0.9718224697930288,1446251
cv300k,2,0.03,4.0230807224875615,0.9764272644248553,0.994562002836694,global,expF,0.5,0.2,,0.9709579003328667,0.9562180164080903,0.9718287638935249,1447747
cv300k,2,0.03,4.0230807224875615,0.9764272644248553,0.994562002836694,global,expF,0.5,0.4,,0.970919842684935,0.9562180164080903,0.9717884577191489,1449144
cv300k,2,0.03,4.0230807224875615,0.9764272644248553,0.994562002836694,global,expF,0.6,0.0,,0.9709474827549063,0.9671025911786207,0.9711746470925333,1445576
cv300k,2,0.03,4.0230807224875615,0.9764272644248553,0.994562002836694,global,expF,0.6,0.2,,0.9709518515091184,0.9671025911786207,0.971179273961997,1447061
cv300k,2,0.03,4.0230807224875615,0.9764272644248553,0.994562002836694,global,expF,0.6,0.4,,0.9709128183499184,0.9671025911786207,0.971137934641081,1448449
cv300k,2,0.03,4.0230807224875615,0.9764272644248553,0.994562002836694,global,expF,0.7,0.0,,0.9706962781819856,0.9759970757858826,0.9703830958327067,1444836
cv300k,2,0.03,4.0230807224875615,0.9764272644248553,0.994562002836694,global,expF,0.7,0.2,,0.9706987866398865,0.9759970757858826,0.9703857524956133,1446308
cv300k,2,0.03,4.0230807224875615,0.9764272644248553,0.994562002836694,global,expF,0.7,0.4,,0.9706580092485563,0.9759970757858826,0.9703425658896386,1447691
cv300k,2,0.03,4.0230807224875615,0.9764272644248553,0.994562002836694,global,thr,,,0.5,0.9684517098295736,0.9562180164080903,0.9691745023473034,1476584
cv300k,2,0.03,4.0230807224875615,0.9764272644248553,0.994562002836694,global,thr,,,0.55,0.9694422359115518,0.9619446023881082,0.9698852119797527,1469164
cv300k,2,0.03,4.0230807224875615,0.9764272644248553,0.994562002836694,global,thr,,,0.6,0.9701073486725619,0.9671025911786207,0.9702848761092393,1462501
cv300k,2,0.03,4.0230807224875615,0.9764272644248553,0.994562002836694,global,thr,,,0.65,0.9704656682082047,0.9716513686946633,0.9703956145122067,1456053
cv300k,2,0.03,4.0230807224875615,0.9764272644248553,0.994562002836694,global,thr,,,0.7,0.9705118371124476,0.9759970757858826,0.9701877575941429,1449064
cv300k,2,0.03,4.0230807224875615,0.9764272644248553,0.994562002836694,global,thr,,,0.75,0.9701602482686785,0.9795305011778085,0.9696066338810512,1441468
cv300k,2,0.03,4.0230807224875615,0.9764272644248553,0.994562002836694,global,thr,,,0.8,0.969378385937829,0.9835512955893104,0.9685410204180621,1432772
cv300k,3,0.03,4.024243028430049,0.976278613819762,0.9945439032671873,none,expF,0.0,0.0,,0.9708217668934055,0.9440593655712305,0.9723964185682232,1447158
cv300k,3,0.03,4.024243028430049,0.976278613819762,0.9945439032671873,none,expF,0.0,0.2,,0.9708091270937071,0.9453641034004729,0.9723062666325696,1448556
cv300k,3,0.03,4.024243028430049,0.976278613819762,0.9945439032671873,none,expF,0.0,0.4,,0.9708031861077843,0.9465465220582239,0.972230404697451,1449902
cv300k,3,0.03,4.024243028430049,0.976278613819762,0.9945439032671873,none,expF,0.4,0.0,,0.9708375138980325,0.9448748267145071,0.972365111827835,1447085
cv300k,3,0.03,4.024243028430049,0.976278613819762,0.9945439032671873,none,expF,0.4,0.2,,0.9708221768321535,0.9459756992579303,0.9722840989913268,1448493
cv300k,3,0.03,4.024243028430049,0.976278613819762,0.9945439032671873,none,expF,0.4,0.4,,0.970810335576461,0.9470765718013536,0.9722067876522034,1449840
cv300k,3,0.03,4.024243028430049,0.976278613819762,0.9945439032671873,none,expF,0.5,0.0,,0.9709386867177551,0.9533556226045828,0.9719732426614061,1446570
cv300k,3,0.03,4.024243028430049,0.976278613819762,0.9945439032671873,none,expF,0.5,0.2,,0.9709301661276388,0.9533556226045828,0.971964220735056,1448024
cv300k,3,0.03,4.024243028430049,0.976278613819762,0.9945439032671873,none,expF,0.5,0.4,,0.9709003970427335,0.9533556226045828,0.9719327000906083,1449400
cv300k,3,0.03,4.024243028430049,0.976278613819762,0.9945439032671873,none,expF,0.6,0.0,,0.970977748853522,0.9660768164396967,0.9712661109231544,1445799
cv300k,3,0.03,4.024243028430049,0.976278613819762,0.9945439032671873,none,expF,0.6,0.2,,0.970968598901297,0.9660768164396967,0.9712564226041581,1447240
cv300k,3,0.03,4.024243028430049,0.976278613819762,0.9945439032671873,none,expF,0.6,0.4,,0.9709388755881813,0.9660768164396967,0.9712249504246303,1448604
cv300k,3,0.03,4.024243028430049,0.976278613819762,0.9945439032671873,none,expF,0.7,0.0,,0.9706454556941766,0.9745168392726087,0.9704176704307298,1445041
cv300k,3,0.03,4.024243028430049,0.976278613819762,0.9945439032671873,none,expF,0.7,0.2,,0.9706284197907173,0.9745168392726087,0.9703996321652782,1446465
cv300k,3,0.03,4.024243028430049,0.976278613819762,0.9945439032671873,none,expF,0.7,0.4,,0.9705971042732017,0.9745168392726087,0.9703664740989002,1447817
cv300k,3,0.03,4.024243028430049,0.976278613819762,0.9945439032671873,none,thr,,,0.5,0.9682961487882603,0.9533556226045828,0.9691752225415671,1476991
cv300k,3,0.03,4.024243028430049,0.976278613819762,0.9945439032671873,none,thr,,,0.55,0.9694774686938027,0.9605724537225802,0.9700014237967064,1468850
cv300k,3,0.03,4.024243028430049,0.976278613819762,0.9945439032671873,none,thr,,,0.6,0.9701413522736542,0.9660768164396967,0.9703805022692488,1462099
cv300k,3,0.03,4.024243028430049,0.976278613819762,0.9945439032671873,none,thr,,,0.65,0.9704093251324246,0.970439533556226,0.9704075477229703,1455590
cv300k,3,0.03,4.024243028430049,0.976278613819762,0.9945439032671873,none,thr,,,0.7,0.9704315921267465,0.9745168392726087,0.9701912235147212,1448933
cv300k,3,0.03,4.024243028430049,0.976278613819762,0.9945439032671873,none,thr,,,0.75,0.9700594694569916,0.9781456413601892,0.9695836936109846,1441395
cv300k,3,0.03,4.024243028430049,0.976278613819762,0.9945439032671873,none,thr,,,0.8,0.9692824822275694,0.9822637201337356,0.9685186894810189,1432884
cv300k,3,0.03,4.024243028430049,0.976278613819762,0.9945439032671873,fold,expF,0.0,0.0,,0.9708527944168102,0.9447525075430155,0.9723884884654975,1447006
cv300k,3,0.03,4.024243028430049,0.976278613819762,0.9945439032671873,fold,expF,0.0,0.2,,0.9708424341199261,0.946057245372258,0.9723007501545134,1448422
cv300k,3,0.03,4.024243028430049,0.976278613819762,0.9945439032671873,fold,expF,0.0,0.4,,0.9708299417383355,0.9471988909728452,0.9722203503648869,1449773
cv300k,3,0.03,4.024243028430049,0.976278613819762,0.9945439032671873,fold,expF,0.4,0.0,,0.9708630079390003,0.9454048764576368,0.9723609187165971,1446947
cv300k,3,0.03,4.024243028430049,0.976278613819762,0.9945439032671873,fold,expF,0.4,0.2,,0.9708511012095059,0.9465057490010601,0.9722835380513111,1448376
cv300k,3,0.03,4.024243028430049,0.976278613819762,0.9945439032671873,fold,expF,0.4,0.4,,0.9708327085581455,0.9475658484873196,0.9722016888576793,1449727
cv300k,3,0.03,4.024243028430049,0.976278613819762,0.9945439032671873,fold,expF,0.5,0.0,,0.9709452998954596,0.9533963956617467,0.9719778459330954,1446455
cv300k,3,0.03,4.024243028430049,0.976278613819762,0.9945439032671873,fold,expF,0.5,0.2,,0.9709386991726671,0.9533963956617467,0.9719708568356172,1447929
cv300k,3,0.03,4.024243028430049,0.976278613819762,0.9945439032671873,fold,expF,0.5,0.4,,0.9709042667784201,0.9533963956617467,0.9719343985010738,1449306
cv300k,3,0.03,4.024243028430049,0.976278613819762,0.9945439032671873,fold,expF,0.6,0.0,,0.970981089348261,0.9660768164396967,0.9712696479666102,1445689
cv300k,3,0.03,4.024243028430049,0.976278613819762,0.9945439032671873,fold,expF,0.6,0.2,,0.9709748662427337,0.9660768164396967,0.9712630587047194,1447149
cv300k,3,0.03,4.024243028430049,0.976278613819762,0.9945439032671873,fold,expF,0.6,0.4,,0.9709404796202763,0.9660768164396967,0.9712266488350957,1448516
cv300k,3,0.03,4.024243028430049,0.976278613819762,0.9945439032671873,fold,expF,0.7,0.0,,0.9706488480693464,0.9745168392726087,0.9704212624071678,1444935
cv300k,3,0.03,4.024243028430049,0.976278613819762,0.9945439032671873,fold,expF,0.7,0.2,,0.9706347390125847,0.9745168392726087,0.9704063231988216,1446378
cv300k,3,0.03,4.024243028430049,0.976278613819762,0.9945439032671873,fold,expF,0.7,0.4,,0.9705987601857275,0.9745168392726087,0.9703682274423481,1447733
cv300k,3,0.03,4.024243028430049,0.976278613819762,0.9945439032671873,fold,thr,,,0.5,0.9683415553983088,0.9533963956617467,0.9692209017815534,1476743
cv300k,3,0.03,4.024243028430049,0.976278613819762,0.9945439032671873,fold,thr,,,0.55,0.9694928576831325,0.9606132267797439,0.9700153192330309,1468759
cv300k,3,0.03,4.024243028430049,0.976278613819762,0.9945439032671873,fold,thr,,,0.6,0.9701445588299276,0.9660768164396967,0.9703838974935399,1462062
cv300k,3,0.03,4.024243028430049,0.976278613819762,0.9945439032671873,fold,thr,,,0.65,0.9704130555663787,0.970439533556226,0.9704114976489647,1455567
cv300k,3,0.03,4.024243028430049,0.976278613819762,0.9945439032671873,fold,thr,,,0.7,0.9704335505699921,0.9745168392726087,0.9701932971892534,1448922
cv300k,3,0.03,4.024243028430049,0.976278613819762,0.9945439032671873,fold,thr,,,0.75,0.9700591212644484,0.9781456413601892,0.9695833249314167,1441390
cv300k,3,0.03,4.024243028430049,0.976278613819762,0.9945439032671873,fold,thr,,,0.8,0.9692824822275694,0.9822637201337356,0.9685186894810189,1432884
cv300k,3,0.03,4.024243028430049,0.976278613819762,0.9945439032671873,global,expF,0.0,0.0,,0.9708927057412798,0.9462203376009133,0.9723443836137642,1446713
cv300k,3,0.03,4.024243028430049,0.976278613819762,0.9945439032671873,global,expF,0.0,0.2,,0.970881599057276,0.947484302372992,0.9722582540131072,1448134
cv300k,3,0.03,4.024243028430049,0.976278613819762,0.9945439032671873,global,expF,0.0,0.4,,0.9708621074818498,0.9483813096305961,0.972184837290792,1449505
cv300k,3,0.03,4.024243028430049,0.976278613819762,0.9945439032671873,global,expF,0.4,0.0,,0.9708891894870046,0.9465872951153878,0.9723190693476657,1446670
cv300k,3,0.03,4.024243028430049,0.976278613819762,0.9945439032671873,global,expF,0.4,0.2,,0.9708810677775737,0.9477289407159749,0.9722432973927067,1448102
cv300k,3,0.03,4.024243028430049,0.976278613819762,0.9945439032671873,global,expF,0.4,0.4,,0.970860207339561,0.948625947973579,0.9721684312663865,1449471
cv300k,3,0.03,4.024243028430049,0.976278613819762,0.9945439032671873,global,expF,0.5,0.0,,0.9709599567606928,0.953559487890402,0.9719837691278779,1446240
cv300k,3,0.03,4.024243028430049,0.976278613819762,0.9945439032671873,global,expF,0.5,0.2,,0.9709596585063988,0.953559487890402,0.9719834533248365,1447722
cv300k,3,0.03,4.024243028430049,0.976278613819762,0.9945439032671873,global,expF,0.5,0.4,,0.9709248523848796,0.953559487890402,0.9719465992735787,1449118
cv300k,3,0.03,4.024243028430049,0.976278613819762,0.9945439032671873,global,expF,0.6,0.0,,0.9709924735305283,0.9660768164396967,0.9712817019737359,1445488
cv300k,3,0.03,4.024243028430049,0.976278613819762,0.9945439032671873,global,expF,0.6,0.2,,0.9709929305107647,0.9660768164396967,0.9712821858418695,1446957
cv300k,3,0.03,4.024243028430049,0.976278613819762,0.9945439032671873,global,expF,0.6,0.4,,0.9709577925437701,0.9660768164396967,0.9712449804199437,1448342
cv300k,3,0.03,4.024243028430049,0.976278613819762,0.9945439032671873,global,expF,0.7,0.0,,0.9706606098688791,0.9745168392726087,0.9704337162498812,1444736
cv300k,3,0.03,4.024243028430049,0.976278613819762,0.9945439032671873,global,expF,0.7,0.2,,0.970652803280616,0.9745168392726087,0.9704254503359718,1446187
cv300k,3,0.03,4.024243028430049,0.976278613819762,0.9945439032671873,global,expF,0.7,0.4,,0.9706168920973164,0.9745168392726087,0.970387426203081,1447563
cv300k,3,0.03,4.024243028430049,0.976278613819762,0.9945439032671873,global,thr,,,0.5,0.9685005951197037,0.953559487890402,0.9693797030606924,1475931
cv300k,3,0.03,4.024243028430049,0.976278613819762,0.9945439032671873,global,thr,,,0.55,0.9695477060807278,0.9606947728940716,0.9700685967848764,1468505
cv300k,3,0.03,4.024243028430049,0.976278613819762,0.9945439032671873,global,thr,,,0.6,0.9701677968954638,0.9660768164396967,0.9704085028451569,1461962
cv300k,3,0.03,4.024243028430049,0.976278613819762,0.9945439032671873,global,thr,,,0.65,0.9704254873010144,0.970439533556226,0.9704246608445606,1455520
cv300k,3,0.03,4.024243028430049,0.976278613819762,0.9945439032671873,global,thr,,,0.7,0.9704400103200052,0.9745168392726087,0.9702001370193667,1448906
cv300k,3,0.03,4.024243028430049,0.976278613819762,0.9945439032671873,global,thr,,,0.75,0.9700603618987123,0.9781456413601892,0.969584638562375,1441386
cv300k,3,0.03,4.024243028430049,0.976278613819762,0.9945439032671873,global,thr,,,0.8,0.9692831736003567,0.9822637201337356,0.9685194215329403,1432882
cv300k,4,0.03,4.024925005211118,0.9765496319534096,0.9946218384297848,none,expF,0.0,0.0,,0.9708664679182168,0.9493619770634792,0.9721447617528944,1445792
cv300k,4,0.03,4.024925005211118,0.9765496319534096,0.9946218384297848,none,expF,0.0,0.2,,0.9708922754638004,0.9507349378129543,0.972090490321183,1447321
cv300k,4,0.03,4.024925005211118,0.9765496319534096,0.9946218384297848,none,expF,0.0,0.4,,0.9708781564440935,0.9520675173639154,0.971996319348994,1448657
cv300k,4,0.03,4.024925005211118,0.9765496319534096,0.9946218384297848,none,expF,0.4,0.0,,0.9708822542815531,0.9500888386367308,0.9721182795936711,1445732
cv300k,4,0.03,4.024925005211118,0.9765496319534096,0.9946218384297848,none,expF,0.4,0.2,,0.970902271695736,0.9513406557906638,0.9720650749993202,1447266
cv300k,4,0.03,4.024925005211118,0.9765496319534096,0.9946218384297848,none,expF,0.4,0.4,,0.9708766982856493,0.9523905669520272,0.9719755714405841,1448617
cv300k,4,0.03,4.024925005211118,0.9765496319534096,0.9946218384297848,none,expF,0.5,0.0,,0.9709709612675149,0.9578016475528993,0.9717537862430999,1445265
cv300k,4,0.03,4.024925005211118,0.9765496319534096,0.9946218384297848,none,expF,0.5,0.2,,0.9709819338491059,0.9578016475528993,0.9717654110690753,1446850
cv300k,4,0.03,4.024925005211118,0.9765496319534096,0.9946218384297848,none,expF,0.5,0.4,,0.9709522344391165,0.9578016475528993,0.9717339462337644,1448248
cv300k,4,0.03,4.024925005211118,0.9765496319534096,0.9946218384297848,none,expF,0.6,0.0,,0.9710186240357439,0.9687853335486998,0.9711513777698323,1444591
cv300k,4,0.03,4.024925005211118,0.9765496319534096,0.9946218384297848,none,expF,0.6,0.2,,0.9710288413828044,0.9687853335486998,0.9711622024677872,1446172
cv300k,4,0.03,4.024925005211118,0.9765496319534096,0.9946218384297848,none,expF,0.6,0.4,,0.9710006344601018,0.9687853335486998,0.9711323188378499,1447559
cv300k,4,0.03,4.024925005211118,0.9765496319534096,0.9946218384297848,none,expF,0.7,0.0,,0.9707916288100061,0.9768211920529801,0.970433212813489,1443932
cv300k,4,0.03,4.024925005211118,0.9765496319534096,0.9946218384297848,none,expF,0.7,0.2,,0.9708039859882364,0.9768211920529801,0.9704463045408354,1445499
cv300k,4,0.03,4.024925005211118,0.9765496319534096,0.9946218384297848,none,expF,0.7,0.4,,0.9707731520917446,0.9768211920529801,0.9704136377816148,1446876
cv300k,4,0.03,4.024925005211118,0.9765496319534096,0.9946218384297848,none,thr,,,0.5,0.9683895706241472,0.9578016475528993,0.9690189497094481,1476781
cv300k,4,0.03,4.024925005211118,0.9765496319534096,0.9946218384297848,none,thr,,,0.55,0.9695365092938261,0.9641011145210789,0.9698596060680753,1468614
cv300k,4,0.03,4.024925005211118,0.9765496319534096,0.9946218384297848,none,thr,,,0.6,0.9702310429550969,0.9687853335486998,0.9703169804196673,1461525
cv300k,4,0.03,4.024925005211118,0.9765496319534096,0.9946218384297848,none,thr,,,0.65,0.970580291177734,0.9728234534000969,0.9704469506369886,1454979
cv300k,4,0.03,4.024925005211118,0.9765496319534096,0.9946218384297848,none,thr,,,0.7,0.9705869056534828,0.9768211920529801,0.9702163202756693,1448000
cv300k,4,0.03,4.024925005211118,0.9765496319534096,0.9946218384297848,none,thr,,,0.75,0.9701369195318658,0.9803747375222096,0.9695283517817149,1440107
cv300k,4,0.03,4.024925005211118,0.9765496319534096,0.9946218384297848,none,thr,,,0.8,0.9691873635595878,0.9835648522048135,0.9683327209076186,1431319
cv300k,4,0.03,4.024925005211118,0.9765496319534096,0.9946218384297848,fold,expF,0.0,0.0,,0.9708946186276851,0.9501696010337587,0.9721265781468784,1445666
cv300k,4,0.03,4.024925005211118,0.9765496319534096,0.9946218384297848,fold,expF,0.0,0.2,,0.9709058493997668,0.9513002745921499,0.9720712657572699,1447203
cv300k,4,0.03,4.024925005211118,0.9765496319534096,0.9946218384297848,fold,expF,0.0,0.4,,0.9708956239701341,0.952592472944597,0.9719836202063229,1448559
cv300k,4,0.03,4.024925005211118,0.9765496319534096,0.9946218384297848,fold,expF,0.4,0.0,,0.9709030815046645,0.9507349378129543,0.9721019387067324,1445616
cv300k,4,0.03,4.024925005211118,0.9765496319534096,0.9946218384297848,fold,expF,0.4,0.2,,0.9709125729487366,0.9518252301728315,0.972047183982108,1447155
cv300k,4,0.03,4.024925005211118,0.9765496319534096,0.9946218384297848,fold,expF,0.4,0.4,,0.9708931588323158,0.9528751413341948,0.971964205844614,1448524
cv300k,4,0.03,4.024925005211118,0.9765496319534096,0.9946218384297848,fold,expF,0.5,0.0,,0.9709766838000158,0.9578016475528993,0.9717598489407351,1445177
cv300k,4,0.03,4.024925005211118,0.9765496319534096,0.9946218384297848,fold,expF,0.5,0.2,,0.9709870563510401,0.9578016475528993,0.9717708380684601,1446765
cv300k,4,0.03,4.024925005211118,0.9765496319534096,0.9946218384297848,fold,expF,0.5,0.4,,0.9709584993196207,0.9578016475528993,0.9717405835182553,1448178
cv300k,4,0.03,4.024925005211118,0.9765496319534096,0.9946218384297848,fold,expF,0.6,0.0,,0.9710249759303536,0.9687853335486998,0.9711581072408176,1444507
cv300k,4,0.03,4.024925005211118,0.9765496319534096,0.9946218384297848,fold,expF,0.6,0.2,,0.9710345932468474,0.9687853335486998,0.9711682962405223,1446091
cv300k,4,0.03,4.024925005211118,0.9765496319534096,0.9946218384297848,fold,expF,0.6,0.4,,0.9710067734681841,0.9687853335486998,0.9711388227676706,1447495
cv300k,4,0.03,4.024925005211118,0.9765496319534096,0.9946218384297848,fold,expF,0.7,0.0,,0.9707979807046158,0.9768211920529801,0.9704399422844744,1443848
cv300k,4,0.03,4.024925005211118,0.9765496319534096,0.9946218384297848,fold,expF,0.7,0.2,,0.970808982617749,0.9768211920529801,0.9704515981855502,1445421
cv300k,4,0.03,4.024925005211118,0.9765496319534096,0.9946218384297848,fold,expF,0.7,0.4,,0.9707792910998271,0.9768211920529801,0.9704201417114355,1446813
cv300k,4,0.03,4.024925005211118,0.9765496319534096,0.9946218384297848,fold,thr,,,0.5,0.9684255892319724,0.9578016475528993,0.9690571093753727,1476580
cv300k,4,0.03,4.024925005211118,0.9765496319534096,0.9946218384297848,fold,thr,,,0.55,0.9695480293777122,0.9641011145210789,0.9698718109415857,1468546
cv300k,4,0.03,4.024925005211118,0.9765496319534096,0.9946218384297848,fold,thr,,,0.6,0.970235199106074,0.9687853335486998,0.9703213836251879,1461501
cv300k,4,0.03,4.024925005211118,0.9765496319534096,0.9946218384297848,fold,thr,,,0.65,0.9705797051860137,0.9728234534000969,0.9704463298120974,1454971
cv300k,4,0.03,4.024925005211118,0.9765496319534096,0.9946218384297848,fold,thr,,,0.7,0.9705872410372381,0.9768211920529801,0.9702166755956781,1447998
cv300k,4,0.03,4.024925005211118,0.9765496319534096,0.9946218384297848,fold,thr,,,0.75,0.9701369195318658,0.9803747375222096,0.9695283517817149,1440107
cv300k,4,0.03,4.024925005211118,0.9765496319534096,0.9946218384297848,fold,thr,,,0.8,0.9691873635595878,0.9835648522048135,0.9683327209076186,1431319
cv300k,4,0.03,4.024925005211118,0.9765496319534096,0.9946218384297848,global,expF,0.0,0.0,,0.9709482709110923,0.9515021805847198,0.9721042070148904,1445367
cv300k,4,0.03,4.024925005211118,0.9765496319534096,0.9946218384297848,global,expF,0.0,0.2,,0.9709577722684666,0.9527539977386529,0.9720398612565998,1446875
cv300k,4,0.03,4.024925005211118,0.9765496319534096,0.9946218384297848,global,expF,0.0,0.4,,0.970959367714184,0.9538846712970441,0.9719743407868534,1448246
cv300k,4,0.03,4.024925005211118,0.9765496319534096,0.9946218384297848,global,expF,0.4,0.0,,0.970949163460992,0.9518252301728315,0.9720859495482411,1445334
cv300k,4,0.03,4.024925005211118,0.9765496319534096,0.9946218384297848,global,expF,0.4,0.2,,0.9709600723009004,0.9530366661282507,0.9720254953216867,1446845
cv300k,4,0.03,4.024925005211118,0.9765496319534096,0.9946218384297848,global,expF,0.4,0.4,,0.9709571363394348,0.954086577289614,0.9719599748519402,1448220
cv300k,4,0.03,4.024925005211118,0.9765496319534096,0.9946218384297848,global,expF,0.5,0.0,,0.9710054460380511,0.9580035535454692,0.971778318975368,1444950
cv300k,4,0.03,4.024925005211118,0.9765496319534096,0.9946218384297848,global,expF,0.5,0.2,,0.9710149702813202,0.9580035535454692,0.9717884093692861,1446516
cv300k,4,0.03,4.024925005211118,0.9765496319534096,0.9946218384297848,global,expF,0.5,0.4,,0.9710019825078885,0.9580035535454692,0.9717746495621981,1447938
cv300k,4,0.03,4.024925005211118,0.9765496319534096,0.9946218384297848,global,expF,0.6,0.0,,0.9710473401775607,0.9687853335486998,0.9711818008884515,1444299
cv300k,4,0.03,4.024925005211118,0.9765496319534096,0.9946218384297848,global,expF,0.6,0.2,,0.9710556250616004,0.9687853335486998,0.9711905782517719,1445859
cv300k,4,0.03,4.024925005211118,0.9765496319534096,0.9946218384297848,global,expF,0.6,0.4,,0.9710433745409247,0.9687853335486998,0.9711775995220372,1447272
cv300k,4,0.03,4.024925005211118,0.9765496319534096,0.9946218384297848,global,expF,0.7,0.0,,0.9708209285421422,0.9768211920529801,0.9704642542128515,1443645
cv300k,4,0.03,4.024925005211118,0.9765496319534096,0.9946218384297848,global,expF,0.7,0.2,,0.970830598022821,0.9768211920529801,0.9704744984775427,1445195
cv300k,4,0.03,4.024925005211118,0.9765496319534096,0.9946218384297848,global,expF,0.7,0.4,,0.9708169171337163,0.9768211920529801,0.9704600043538297,1446596
cv300k,4,0.03,4.024925005211118,0.9765496319534096,0.9946218384297848,global,thr,,,0.5,0.9686060161151282,0.9580035535454692,0.9692362594734455,1475766
cv300k,4,0.03,4.024925005211118,0.9765496319534096,0.9946218384297848,global,thr,,,0.55,0.9696118404409194,0.964141495719593,0.9699370147488381,1468293
cv300k,4,0.03,4.024925005211118,0.9765496319534096,0.9946218384297848,global,thr,,,0.6,0.9702610909841569,0.9687853335486998,0.9703488145970511,1461394
cv300k,4,0.03,4.024925005211118,0.9765496319534096,0.9946218384297848,global,thr,,,0.65,0.9705906013757669,0.9728234534000969,0.9704578737052664,1454927
cv300k,4,0.03,4.024925005211118,0.9765496319534096,0.9946218384297848,global,thr,,,0.7,0.9705925436949635,0.9768211920529801,0.9702222934598748,1447977
cv300k,4,0.03,4.024925005211118,0.9765496319534096,0.9946218384297848,global,thr,,,0.75,0.9701376719832799,0.9803747375222096,0.9695291489611819,1440103
cv300k,4,0.03,4.024925005211118,0.9765496319534096,0.9946218384297848,global,thr,,,0.8,0.9691875667495252,0.9835648522048135,0.9683329361757979,1431317
prod1200k,0,0.0,12.0,0.9816234445196185,1.0,none,expF,0.0,0.0,,0.971950613711922,0.9499696417729204,0.9732539303531955,1449570
prod1200k,0,0.0,12.0,0.9816234445196185,1.0,none,expF,0.0,0.2,,0.9719749357566313,0.9513054037644202,0.9732004932564334,1450895
prod1200k,0,0.0,12.0,0.9816234445196185,1.0,none,expF,0.0,0.4,,0.971950634432905,0.9526006881198138,0.9730979498067468,1452191
prod1200k,0,0.0,12.0,0.9816234445196185,1.0,none,expF,0.4,0.0,,0.971985596357669,0.9511030155838899,0.9732237861479446,1449488
prod1200k,0,0.0,12.0,0.9816234445196185,1.0,none,expF,0.4,0.2,,0.9720034966756965,0.9522363893948593,0.9731755467533932,1450823
prod1200k,0,0.0,12.0,0.9816234445196185,1.0,none,expF,0.4,0.4,,0.9719728860111251,0.9533697632058288,0.9730759200170408,1452127
prod1200k,0,0.0,12.0,0.9816234445196185,1.0,none,expF,0.5,0.0,,0.9720595662630143,0.9587937664440397,0.9728461346509751,1449032
prod1200k,0,0.0,12.0,0.9816234445196185,1.0,none,expF,0.5,0.2,,0.9720578080505703,0.9587937664440397,0.972844272188931,1450407
prod1200k,0,0.0,12.0,0.9816234445196185,1.0,none,expF,0.5,0.4,,0.9720380321979619,0.9587937664440397,0.9728233237677086,1451758
prod1200k,0,0.0,12.0,0.9816234445196185,1.0,none,expF,0.6,0.0,,0.9720438156474199,0.9689131754705526,0.972229440534785,1448392
prod1200k,0,0.0,12.0,0.9816234445196185,1.0,none,expF,0.6,0.2,,0.9720407987136105,0.9689131754705526,0.972226244718074,1449762
prod1200k,0,0.0,12.0,0.9816234445196185,1.0,none,expF,0.6,0.4,,0.972019826258353,0.9689131754705526,0.972204028744103,1451107
prod1200k,0,0.0,12.0,0.9816234445196185,1.0,none,expF,0.7,0.0,,0.9717766502393849,0.9766848816029143,0.9714856267290023,1447710
prod1200k,0,0.0,12.0,0.9816234445196185,1.0,none,expF,0.7,0.2,,0.9717729222097388,0.9766848816029143,0.9714816776534858,1449069
prod1200k,0,0.0,12.0,0.9816234445196185,1.0,none,expF,0.7,0.4,,0.9717511765399282,0.9766848816029143,0.9714586426187909,1450407
prod1200k,0,0.0,12.0,0.9816234445196185,1.0,none,thr,,,0.5,0.9696223560716841,0.9587937664440397,0.9702644150808305,1477778
prod1200k,0,0.0,12.0,0.9816234445196185,1.0,none,thr,,,0.55,0.9707001748121195,0.964541590771099,0.9710653354196492,1470039
prod1200k,0,0.0,12.0,0.9816234445196185,1.0,none,thr,,,0.6,0.9713457196371759,0.9689131754705526,0.9714899523536269,1463733
prod1200k,0,0.0,12.0,0.9816234445196185,1.0,none,thr,,,0.65,0.9716113667941975,0.9734061930783242,0.9715049462514302,1457781
prod1200k,0,0.0,12.0,0.9816234445196185,1.0,none,thr,,,0.7,0.9716152100293607,0.9766848816029143,0.9713146142528891,1451427
prod1200k,0,0.0,12.0,0.9816234445196185,1.0,none,thr,,,0.75,0.9713190889329997,0.9805707346690953,0.9707705315770974,1444330
prod1200k,0,0.0,12.0,0.9816234445196185,1.0,none,thr,,,0.8,0.9704894672746187,0.9840518113742157,0.9696853159018434,1436372
prod1200k,0,0.0,12.0,0.9816234445196185,1.0,fold,expF,0.0,0.0,,0.9719891761657867,0.9507791944950414,0.9732467785206462,1449361
prod1200k,0,0.0,12.0,0.9816234445196185,1.0,fold,expF,0.0,0.2,,0.9720069358833838,0.9523173446670714,0.9731743898050442,1450677
prod1200k,0,0.0,12.0,0.9816234445196185,1.0,fold,expF,0.0,0.4,,0.9719828722420331,0.9535721513863591,0.9730744981690228,1451990
prod1200k,0,0.0,12.0,0.9816234445196185,1.0,fold,expF,0.4,0.0,,0.9720173617161592,0.9517911353976928,0.9732166343153951,1449284
prod1200k,0,0.0,12.0,0.9816234445196185,1.0,fold,expF,0.4,0.2,,0.9720252854253704,0.9530054644808743,0.9731530266926717,1450620
prod1200k,0,0.0,12.0,0.9816234445196185,1.0,fold,expF,0.4,0.4,,0.9719973197477861,0.9541388382918438,0.9730562017723843,1451938
prod1200k,0,0.0,12.0,0.9816234445196185,1.0,fold,expF,0.5,0.0,,0.9720751076021876,0.9588747217162518,0.9728577974051735,1448854
prod1200k,0,0.0,12.0,0.9816234445196185,1.0,fold,expF,0.5,0.2,,0.9720702822621382,0.9588747217162518,0.972852685956484,1450238
prod1200k,0,0.0,12.0,0.9816234445196185,1.0,fold,expF,0.5,0.4,,0.972051137442332,0.9588747217162518,0.9728324059838594,1451604
prod1200k,0,0.0,12.0,0.9816234445196185,1.0,fold,expF,0.6,0.0,,0.9720572171602717,0.9689131754705526,0.9722436366628505,1448219
prod1200k,0,0.0,12.0,0.9816234445196185,1.0,fold,expF,0.6,0.2,,0.9720503778660372,0.9689131754705526,0.972236391846694,1449599
prod1200k,0,0.0,12.0,0.9816234445196185,1.0,fold,expF,0.6,0.4,,0.9720312330462311,0.9689131754705526,0.9722161118740695,1450959
prod1200k,0,0.0,12.0,0.9816234445196185,1.0,fold,expF,0.7,0.0,,0.9717897007911028,0.9766848816029143,0.9714994510864137,1447541
prod1200k,0,0.0,12.0,0.9816234445196185,1.0,fold,expF,0.7,0.2,,0.9717812354481064,0.9766848816029143,0.9714904838082692,1448908
prod1200k,0,0.0,12.0,0.9816234445196185,1.0,fold,expF,0.7,0.4,,0.9717613174137472,0.9766848816029143,0.9714693847749206,1450261
prod1200k,0,0.0,12.0,0.9816234445196185,1.0,fold,thr,,,0.5,0.9696641020619776,0.9588747217162518,0.9703038362371832,1477573
prod1200k,0,0.0,12.0,0.9816234445196185,1.0,fold,thr,,,0.55,0.9707117922780101,0.9645820684072051,0.9710752416809483,1469983
prod1200k,0,0.0,12.0,0.9816234445196185,1.0,fold,thr,,,0.6,0.9713522317311528,0.9689131754705526,0.9714968505688577,1463705
prod1200k,0,0.0,12.0,0.9816234445196185,1.0,fold,thr,,,0.65,0.9716149057989685,0.9734061930783242,0.9715086950942298,1457765
prod1200k,0,0.0,12.0,0.9816234445196185,1.0,fold,thr,,,0.7,0.9716169666277271,0.9766848816029143,0.9713164750051523,1451419
prod1200k,0,0.0,12.0,0.9816234445196185,1.0,fold,thr,,,0.75,0.9713193197835174,0.9805707346690953,0.970770776115423,1444328
prod1200k,0,0.0,12.0,0.9816234445196185,1.0,fold,thr,,,0.8,0.9704897852673847,0.9840518113742157,0.9696856527493383,1436371
prod1200k,0,0.0,12.0,0.9816234445196185,1.0,global,expF,0.0,0.0,,0.9720180382220331,0.9517911353976928,0.9732173509332972,1449080
prod1200k,0,0.0,12.0,0.9816234445196185,1.0,global,expF,0.0,0.2,,0.972024255916512,0.9532483302975107,0.9731375359107938,1450399
prod1200k,0,0.0,12.0,0.9816234445196185,1.0,global,expF,0.0,0.4,,0.9720079337735458,0.9543007488362679,0.9730578449814262,1451700
prod1200k,0,0.0,12.0,0.9816234445196185,1.0,global,expF,0.4,0.0,,0.9720380241017947,0.9525197328476017,0.9731953211435911,1449020
prod1200k,0,0.0,12.0,0.9816234445196185,1.0,global,expF,0.4,0.2,,0.9720354307467142,0.9537340619307833,0.9731205728688224,1450355
prod1200k,0,0.0,12.0,0.9816234445196185,1.0,global,expF,0.4,0.4,,0.9720168429052898,0.9547460028334346,0.9730408819394547,1451658
prod1200k,0,0.0,12.0,0.9816234445196185,1.0,global,expF,0.5,0.0,,0.972088433440435,0.9589151993523578,0.9728695133332635,1448637
prod1200k,0,0.0,12.0,0.9816234445196185,1.0,global,expF,0.5,0.2,,0.9720741159949199,0.9589151993523578,0.9728543469641862,1450021
prod1200k,0,0.0,12.0,0.9816234445196185,1.0,global,expF,0.5,0.4,,0.9720659853490489,0.9589151993523578,0.9728457342283466,1451366
prod1200k,0,0.0,12.0,0.9816234445196185,1.0,global,expF,0.6,0.0,,0.9720765848610742,0.9689536531066586,0.9722617526933425,1448008
prod1200k,0,0.0,12.0,0.9816234445196185,1.0,global,expF,0.6,0.2,,0.9720587429957352,0.9689536531066586,0.9722428529311974,1449386
prod1200k,0,0.0,12.0,0.9816234445196185,1.0,global,expF,0.6,0.4,,0.9720506123498643,0.9689536531066586,0.9722342401953579,1450725
prod1200k,0,0.0,12.0,0.9816234445196185,1.0,global,expF,0.7,0.0,,0.9718073062819934,0.9767253592390205,0.9715157004203716,1447333
prod1200k,0,0.0,12.0,0.9816234445196185,1.0,global,expF,0.7,0.2,,0.9717896005778045,0.9767253592390205,0.9714969448927727,1448696
prod1200k,0,0.0,12.0,0.9816234445196185,1.0,global,expF,0.7,0.4,,0.97178107433379,0.9767253592390205,0.9714879131026094,1450029
prod1200k,0,0.0,12.0,0.9816234445196185,1.0,global,thr,,,0.5,0.9698203077598235,0.9589151993523578,0.9704669037930557,1476802
prod1200k,0,0.0,12.0,0.9816234445196185,1.0,global,thr,,,0.55,0.9707671596224857,0.9646225460433111,0.9711314918801383,1469744
prod1200k,0,0.0,12.0,0.9816234445196185,1.0,global,thr,,,0.6,0.9713769824353484,0.9689536531066586,0.9715206687768865,1463612
prod1200k,0,0.0,12.0,0.9816234445196185,1.0,global,thr,,,0.65,0.9716286964610068,0.9734466707144303,0.9715209034068838,1457713
prod1200k,0,0.0,12.0,0.9816234445196185,1.0,global,thr,,,0.7,0.971625415377313,0.9767253592390205,0.9713230246676131,1451395
prod1200k,0,0.0,12.0,0.9816234445196185,1.0,global,thr,,,0.75,0.9713242818165143,0.9806112123052014,0.9707736323235873,1444321
prod1200k,0,0.0,12.0,0.9816234445196185,1.0,global,thr,,,0.8,0.9704903215461516,0.9840518113742157,0.9696862208256546,1436369
prod1200k,0,0.01,4.644210574014704,0.9796997459932762,0.9980402887307936,none,expF,0.0,0.0,,0.9719580153299394,0.9500910746812387,0.9732545707197685,1449514
prod1200k,0,0.01,4.644210574014704,0.9796997459932762,0.9980402887307936,none,expF,0.0,0.2,,0.9719766768857314,0.9515077919449504,0.973190337430209,1450818
prod1200k,0,0.01,4.644210574014704,0.9796997459932762,0.9980402887307936,none,expF,0.0,0.4,,0.9719345757195171,0.9526411657559198,0.9730785388864893,1452149
prod1200k,0,0.01,4.644210574014704,0.9796997459932762,0.9980402887307936,none,expF,0.4,0.0,,0.9719929979756866,0.9512244484922081,0.9732244265145173,1449433
prod1200k,0,0.01,4.644210574014704,0.9796997459932762,0.9980402887307936,none,expF,0.4,0.2,,0.972002830500185,0.9523578223031774,0.9731676409631693,1450753
prod1200k,0,0.01,4.644210574014704,0.9796997459932762,0.9980402887307936,none,expF,0.4,0.4,,0.9719568272977372,0.9534102408419348,0.9730565090967833,1452085
prod1200k,0,0.01,4.644210574014704,0.9796997459932762,0.9980402887307936,none,expF,0.5,0.0,,0.9720657406277001,0.9587937664440397,0.9728526751119496,1448983
prod1200k,0,0.01,4.644210574014704,0.9796997459932762,0.9980402887307936,none,expF,0.5,0.2,,0.9720586523406975,0.9587937664440397,0.9728451665395093,1450345
prod1200k,0,0.01,4.644210574014704,0.9796997459932762,0.9980402887307936,none,expF,0.5,0.4,,0.9720333019768649,0.9587937664440397,0.9728183130778547,1451723
prod1200k,0,0.01,4.644210574014704,0.9796997459932762,0.9980402887307936,none,expF,0.6,0.0,,0.9720499900121059,0.9689131754705526,0.9722359809957595,1448343
prod1200k,0,0.01,4.644210574014704,0.9796997459932762,0.9980402887307936,none,expF,0.6,0.2,,0.9720416430037375,0.9689131754705526,0.9722271390686521,1449700
prod1200k,0,0.01,4.644210574014704,0.9796997459932762,0.9980402887307936,none,expF,0.6,0.4,,0.9720150960372561,0.9689131754705526,0.9721990180542494,1451072
prod1200k,0,0.01,4.644210574014704,0.9796997459932762,0.9980402887307936,none,expF,0.7,0.0,,0.9717832022204804,0.9766848816029143,0.9714925671963769,1447662
prod1200k,0,0.01,4.644210574014704,0.9796997459932762,0.9980402887307936,none,expF,0.7,0.2,,0.971773766499866,0.9766848816029143,0.971482572004064,1449007
prod1200k,0,0.01,4.644210574014704,0.9796997459932762,0.9980402887307936,none,expF,0.7,0.4,,0.9717464463188313,0.9766848816029143,0.9714536319289371,1450372
prod1200k,0,0.01,4.644210574014704,0.9796997459932762,0.9980402887307936,none,thr,,,0.5,0.9696226685818162,0.9587937664440397,0.9702647461206099,1477777
prod1200k,0,0.01,4.644210574014704,0.9796997459932762,0.9980402887307936,none,thr,,,0.55,0.9707004873222516,0.964541590771099,0.9710656664594286,1470038
prod1200k,0,0.01,4.644210574014704,0.9796997459932762,0.9980402887307936,none,thr,,,0.6,0.971346032147308,0.9689131754705526,0.9714902833934062,1463732
prod1200k,0,0.01,4.644210574014704,0.9796997459932762,0.9980402887307936,none,thr,,,0.65,0.9716116793043296,0.9734061930783242,0.9715052772912096,1457780
prod1200k,0,0.01,4.644210574014704,0.9796997459932762,0.9980402887307936,none,thr,,,0.7,0.9716152100293607,0.9766848816029143,0.9713146142528891,1451427
prod1200k,0,0.01,4.644210574014704,0.9796997459932762,0.9980402887307936,none,thr,,,0.75,0.9713190889329997,0.9805707346690953,0.9707705315770974,1444330
prod1200k,0,0.01,4.644210574014704,0.9796997459932762,0.9980402887307936,none,thr,,,0.8,0.9704894672746187,0.9840518113742157,0.9696853159018434,1436372
prod1200k,0,0.01,4.644210574014704,0.9796997459932762,0.9980402887307936,fold,expF,0.0,0.0,,0.9719847250438767,0.9507791944950414,0.9732420634785932,1449344
prod1200k,0,0.01,4.644210574014704,0.9796997459932762,0.9980402887307936,fold,expF,0.0,0.2,,0.9720096780069816,0.9523982999392836,0.9731724944404344,1450646
prod1200k,0,0.01,4.644210574014704,0.9796997459932762,0.9980402887307936,fold,expF,0.0,0.4,,0.971975888332031,0.9535721513863591,0.9730671001624029,1451966
prod1200k,0,0.01,4.644210574014704,0.9796997459932762,0.9980402887307936,fold,expF,0.4,0.0,,0.9720164170323392,0.9517911353976928,0.9732156336184861,1449270
prod1200k,0,0.01,4.644210574014704,0.9796997459932762,0.9980402887307936,fold,expF,0.4,0.2,,0.9720280275489681,0.9530864197530864,0.973151131328062,1450589
prod1200k,0,0.01,4.644210574014704,0.9796997459932762,0.9980402887307936,fold,expF,0.4,0.4,,0.9719903358377838,0.9541388382918438,0.9730488037657646,1451914
prod1200k,0,0.01,4.644210574014704,0.9796997459932762,0.9980402887307936,fold,expF,0.5,0.0,,0.9720760510004164,0.9588747217162518,0.9728587967402648,1448840
prod1200k,0,0.01,4.644210574014704,0.9796997459932762,0.9980402887307936,fold,expF,0.5,0.2,,0.9720684929888196,0.9588747217162518,0.9728507905918743,1450210
prod1200k,0,0.01,4.644210574014704,0.9796997459932762,0.9980402887307936,fold,expF,0.5,0.4,,0.9720509506277043,0.9588747217162518,0.9728322080924416,1451583
prod1200k,0,0.01,4.644210574014704,0.9796997459932762,0.9980402887307936,fold,expF,0.6,0.0,,0.9720583665310873,0.9689131754705526,0.972244854183251,1448206
prod1200k,0,0.01,4.644210574014704,0.9796997459932762,0.9980402887307936,fold,expF,0.6,0.2,,0.9720485885927186,0.9689131754705526,0.9722344964820843,1449571
prod1200k,0,0.01,4.644210574014704,0.9796997459932762,0.9980402887307936,fold,expF,0.6,0.4,,0.9720310462316032,0.9689131754705526,0.9722159139826515,1450938
prod1200k,0,0.01,4.644210574014704,0.9796997459932762,0.9980402887307936,fold,expF,0.7,0.0,,0.9717908501619185,0.9766848816029143,0.971500668606814,1447528
prod1200k,0,0.01,4.644210574014704,0.9796997459932762,0.9980402887307936,fold,expF,0.7,0.2,,0.9717794461747877,0.9766848816029143,0.9714885884436595,1448880
prod1200k,0,0.01,4.644210574014704,0.9796997459932762,0.9980402887307936,fold,expF,0.7,0.4,,0.9717611305991192,0.9766848816029143,0.9714691868835027,1450240
prod1200k,0,0.01,4.644210574014704,0.9796997459932762,0.9980402887307936,fold,thr,,,0.5,0.9696640549374337,0.9588747217162518,0.9703037863184862,1477573
prod1200k,0,0.01,4.644210574014704,0.9796997459932762,0.9980402887307936,fold,thr,,,0.55,0.9707121047881424,0.9645820684072051,0.9710755727207279,1469982
prod1200k,0,0.01,4.644210574014704,0.9796997459932762,0.9980402887307936,fold,thr,,,0.6,0.9713525442412849,0.9689131754705526,0.9714971816086371,1463704
prod1200k,0,0.01,4.644210574014704,0.9796997459932762,0.9980402887307936,fold,thr,,,0.65,0.9716152183091006,0.9734061930783242,0.9715090261340091,1457764
prod1200k,0,0.01,4.644210574014704,0.9796997459932762,0.9980402887307936,fold,thr,,,0.7,0.9716169666277271,0.9766848816029143,0.9713164750051523,1451419
prod1200k,0,0.01,4.644210574014704,0.9796997459932762,0.9980402887307936,fold,thr,,,0.75,0.9713193197835174,0.9805707346690953,0.970770776115423,1444328
prod1200k,0,0.01,4.644210574014704,0.9796997459932762,0.9980402887307936,fold,thr,,,0.8,0.9704897852673847,0.9840518113742157,0.9696856527493383,1436371
prod1200k,0,0.01,4.644210574014704,0.9796997459932762,0.9980402887307936,global,expF,0.0,0.0,,0.9720184456281226,0.9517911353976928,0.9732177824956952,1449076
prod1200k,0,0.01,4.644210574014704,0.9796997459932762,0.9980402887307936,global,expF,0.0,0.2,,0.9720195658309604,0.9532888079336167,0.9731301676978394,1450377
prod1200k,0,0.01,4.644210574014704,0.9796997459932762,0.9980402887307936,global,expF,0.0,0.4,,0.9720023119104592,0.9543007488362679,0.9730518897814999,1451686
prod1200k,0,0.01,4.644210574014704,0.9796997459932762,0.9980402887307936,global,expF,0.4,0.0,,0.9720384315078844,0.9525197328476017,0.9731957527059892,1449016
prod1200k,0,0.01,4.644210574014704,0.9796997459932762,0.9980402887307936,global,expF,0.4,0.2,,0.9720307406611626,0.9537745395668893,0.9731132046558681,1450333
prod1200k,0,0.01,4.644210574014704,0.9796997459932762,0.9980402887307936,global,expF,0.4,0.4,,0.9720112210422032,0.9547460028334346,0.9730349267395286,1451644
prod1200k,0,0.01,4.644210574014704,0.9796997459932762,0.9980402887307936,global,expF,0.5,0.0,,0.9720888408465246,0.9589151993523578,0.9728699448956615,1448633
prod1200k,0,0.01,4.644210574014704,0.9796997459932762,0.9980402887307936,global,expF,0.5,0.2,,0.9720713139914167,0.9589151993523578,0.9728513788216331,1450002
prod1200k,0,0.01,4.644210574014704,0.9796997459932762,0.9980402887307936,global,expF,0.5,0.4,,0.9720645172664689,0.9589151993523578,0.9728441790988217,1451354
prod1200k,0,0.01,4.644210574014704,0.9796997459932762,0.9980402887307936,global,expF,0.6,0.0,,0.9720769922671639,0.9689536531066586,0.9722621842557405,1448004
prod1200k,0,0.01,4.644210574014704,0.9796997459932762,0.9980402887307936,global,expF,0.6,0.2,,0.9720559409922321,0.9689536531066586,0.9722398847886442,1449367
prod1200k,0,0.01,4.644210574014704,0.9796997459932762,0.9980402887307936,global,expF,0.6,0.4,,0.9720491442672844,0.9689536531066586,0.9722326850658329,1450713
prod1200k,0,0.01,4.644210574014704,0.9796997459932762,0.9980402887307936,global,expF,0.7,0.0,,0.9718067067109906,0.9767253592390205,0.971515065299036,1447330
prod1200k,0,0.01,4.644210574014704,0.9796997459932762,0.9980402887307936,global,expF,0.7,0.2,,0.9717867985743013,0.9767253592390205,0.9714939767502196,1448677
prod1200k,0,0.01,4.644210574014704,0.9796997459932762,0.9980402887307936,global,expF,0.7,0.4,,0.9717796062512101,0.9767253592390205,0.9714863579730844,1450017
prod1200k,0,0.01,4.644210574014704,0.9796997459932762,0.9980402887307936,global,thr,,,0.5,0.96982026063528,0.9589151993523578,0.9704668538743587,1476802
prod1200k,0,0.01,4.644210574014704,0.9796997459932762,0.9980402887307936,global,thr,,,0.55,0.9707674721326178,0.9646225460433111,0.9711318229199175,1469743
prod1200k,0,0.01,4.644210574014704,0.9796997459932762,0.9980402887307936,global,thr,,,0.6,0.9713772949454805,0.9689536531066586,0.971520999816666,1463611
prod1200k,0,0.01,4.644210574014704,0.9796997459932762,0.9980402887307936,global,thr,,,0.65,0.971629008971139,0.9734466707144303,0.9715212344466634,1457712
prod1200k,0,0.01,4.644210574014704,0.9796997459932762,0.9980402887307936,global,thr,,,0.7,0.971625415377313,0.9767253592390205,0.9713230246676131,1451395
prod1200k,0,0.01,4.644210574014704,0.9796997459932762,0.9980402887307936,global,thr,,,0.75,0.9713242818165143,0.9806112123052014,0.9707736323235873,1444321
prod1200k,0,0.01,4.644210574014704,0.9796997459932762,0.9980402887307936,global,thr,,,0.8,0.9704903215461516,0.9840518113742157,0.9696862208256546,1436369
prod1200k,0,0.03,4.026513203357765,0.9762704589264192,0.9945468034376268,none,expF,0.0,0.0,,0.9719598730163647,0.9503339404978749,0.9732421383234958,1449403
prod1200k,0,0.03,4.026513203357765,0.9762704589264192,0.9945468034376268,none,expF,0.0,0.2,,0.9719634984988075,0.9517506577615867,0.9731619774274616,1450695
prod1200k,0,0.03,4.026513203357765,0.9762704589264192,0.9945468034376268,none,expF,0.0,0.4,,0.9719284837801487,0.9528435539364501,0.9730600855460696,1452018
prod1200k,0,0.03,4.026513203357765,0.9762704589264192,0.9945468034376268,none,expF,0.4,0.0,,0.9719983621002017,0.9514673143088443,0.9732157084633887,1449325
prod1200k,0,0.03,4.026513203357765,0.9762704589264192,0.9945468034376268,none,expF,0.4,0.2,,0.9719896521132609,0.9526006881198138,0.973139280960422,1450630
prod1200k,0,0.03,4.026513203357765,0.9762704589264192,0.9945468034376268,none,expF,0.4,0.4,,0.971955060782698,0.9535721513863591,0.973045037686256,1451961
prod1200k,0,0.03,4.026513203357765,0.9762704589264192,0.9945468034376268,none,expF,0.5,0.0,,0.9720658181224797,0.9587937664440397,0.972852757201623,1448887
prod1200k,0,0.03,4.026513203357765,0.9762704589264192,0.9945468034376268,none,expF,0.5,0.2,,0.9720527745376945,0.9587937664440397,0.9728389402242342,1450238
prod1200k,0,0.03,4.026513203357765,0.9762704589264192,0.9945468034376268,none,expF,0.5,0.4,,0.9720296473797773,0.9587937664440397,0.9728144417889294,1451609
prod1200k,0,0.03,4.026513203357765,0.9762704589264192,0.9945468034376268,none,expF,0.6,0.0,,0.9720502734794725,0.9689131754705526,0.972236281270742,1448248
prod1200k,0,0.03,4.026513203357765,0.9762704589264192,0.9945468034376268,none,expF,0.6,0.2,,0.9720357652007345,0.9689131754705526,0.9722209127533772,1449593
prod1200k,0,0.03,4.026513203357765,0.9762704589264192,0.9945468034376268,none,expF,0.6,0.4,,0.9720122604264076,0.9689131754705526,0.9721960143116724,1450960
prod1200k,0,0.03,4.026513203357765,0.9762704589264192,0.9945468034376268,none,expF,0.7,0.0,,0.9717827304550276,0.9766848816029143,0.9714920674585593,1447568
prod1200k,0,0.03,4.026513203357765,0.9762704589264192,0.9945468034376268,none,expF,0.7,0.2,,0.9717678886968628,0.9766848816029143,0.971476345688789,1448900
prod1200k,0,0.03,4.026513203357765,0.9762704589264192,0.9945468034376268,none,expF,0.7,0.4,,0.9717440520778121,0.9766848816029143,0.9714510957263083,1450261
prod1200k,0,0.03,4.026513203357765,0.9762704589264192,0.9945468034376268,none,thr,,,0.5,0.9696317210666111,0.9587937664440397,0.9702743353539213,1477713
prod1200k,0,0.03,4.026513203357765,0.9762704589264192,0.9945468034376268,none,thr,,,0.55,0.9707042684033301,0.964541590771099,0.9710696717319535,1469991
prod1200k,0,0.03,4.026513203357765,0.9762704589264192,0.9945468034376268,none,thr,,,0.6,0.9713473568628036,0.9689131754705526,0.9714916866551896,1463699
prod1200k,0,0.03,4.026513203357765,0.9762704589264192,0.9945468034376268,none,thr,,,0.65,0.9716126084263279,0.9734061930783242,0.971506261503591,1457752
prod1200k,0,0.03,4.026513203357765,0.9762704589264192,0.9945468034376268,none,thr,,,0.7,0.9716150225599522,0.9766848816029143,0.9713144156678667,1451408
prod1200k,0,0.03,4.026513203357765,0.9762704589264192,0.9945468034376268,none,thr,,,0.75,0.9713195047016545,0.9805707346690953,0.9707709719979017,1444318
prod1200k,0,0.03,4.026513203357765,0.9762704589264192,0.9945468034376268,none,thr,,,0.8,0.9704893343695087,0.9840518113742157,0.9696851751163975,1436367
prod1200k,0,0.03,4.026513203357765,0.9762704589264192,0.9945468034376268,fold,expF,0.0,0.0,,0.9719841968334425,0.9508601497672536,0.9732367038722034,1449287
prod1200k,0,0.03,4.026513203357765,0.9762704589264192,0.9945468034376268,fold,expF,0.0,0.2,,0.9720021458373189,0.9525197328476017,0.9731573155510206,1450575
prod1200k,0,0.03,4.026513203357765,0.9762704589264192,0.9945468034376268,fold,expF,0.0,0.4,,0.9719655658991069,0.9536126290224651,0.9730537656435925,1451885
prod1200k,0,0.03,4.026513203357765,0.9762704589264192,0.9945468034376268,fold,expF,0.4,0.0,,0.9720158888219049,0.9518720906699049,0.9732102740120964,1449213
prod1200k,0,0.03,4.026513203357765,0.9762704589264192,0.9945468034376268,fold,expF,0.4,0.2,,0.9720204953793053,0.9532078526614046,0.973135952438648,1450518
prod1200k,0,0.03,4.026513203357765,0.9762704589264192,0.9945468034376268,fold,expF,0.4,0.4,,0.9719843388291891,0.9541793159279498,0.9730400511384462,1451837
prod1200k,0,0.03,4.026513203357765,0.9762704589264192,0.9945468034376268,fold,expF,0.5,0.0,,0.9720732570915238,0.9588747217162518,0.9728558371722758,1448788
prod1200k,0,0.03,4.026513203357765,0.9762704589264192,0.9945468034376268,fold,expF,0.5,0.2,,0.972063226517615,0.9588747217162518,0.9728452118560629,1450146
prod1200k,0,0.03,4.026513203357765,0.9762704589264192,0.9945468034376268,fold,expF,0.5,0.4,,0.9720488376736092,0.9588747217162518,0.9728299698550676,1451512
prod1200k,0,0.03,4.026513203357765,0.9762704589264192,0.9945468034376268,fold,expF,0.6,0.0,,0.9720555726221951,0.9689131754705526,0.9722418946152622,1448154
prod1200k,0,0.03,4.026513203357765,0.9762704589264192,0.9945468034376268,fold,expF,0.6,0.2,,0.972043322121514,0.9689131754705526,0.9722289177462728,1449507
prod1200k,0,0.03,4.026513203357765,0.9762704589264192,0.9945468034376268,fold,expF,0.6,0.4,,0.9720293108939181,0.9689131754705526,0.972214075751678,1450868
prod1200k,0,0.03,4.026513203357765,0.9762704589264192,0.9945468034376268,fold,expF,0.7,0.0,,0.9717880562530262,0.9766848816029143,0.971497709038825,1447476
prod1200k,0,0.03,4.026513203357765,0.9762704589264192,0.9945468034376268,fold,expF,0.7,0.2,,0.9717741797035833,0.9766848816029143,0.9714830097078481,1448816
prod1200k,0,0.03,4.026513203357765,0.9762704589264192,0.9945468034376268,fold,expF,0.7,0.4,,0.9717598366312635,0.9766848816029143,0.9714678161924774,1450171
prod1200k,0,0.03,4.026513203357765,0.9762704589264192,0.9945468034376268,fold,thr,,,0.5,0.9696731074222287,0.9588747217162518,0.9703133755517978,1477509
prod1200k,0,0.03,4.026513203357765,0.9762704589264192,0.9945468034376268,fold,thr,,,0.55,0.9707158858692205,0.9645820684072051,0.9710795779932524,1469935
prod1200k,0,0.03,4.026513203357765,0.9762704589264192,0.9945468034376268,fold,thr,,,0.6,0.9713538689567804,0.9689131754705526,0.9714985848704206,1463671
prod1200k,0,0.03,4.026513203357765,0.9762704589264192,0.9945468034376268,fold,thr,,,0.65,0.9716161474310991,0.9734061930783242,0.9715100103463904,1457736
prod1200k,0,0.03,4.026513203357765,0.9762704589264192,0.9945468034376268,fold,thr,,,0.7,0.9716167791583187,0.9766848816029143,0.9713162764201297,1451400
prod1200k,0,0.03,4.026513203357765,0.9762704589264192,0.9945468034376268,fold,thr,,,0.75,0.9713197355521722,0.9805707346690953,0.9707712165362273,1444316
prod1200k,0,0.03,4.026513203357765,0.9762704589264192,0.9945468034376268,fold,thr,,,0.8,0.9704896523622747,0.9840518113742157,0.9696855119638923,1436366
prod1200k,0,0.03,4.026513203357765,0.9762704589264192,0.9945468034376268,global,expF,0.0,0.0,,0.9720140228476468,0.9518316130337988,0.973210697437123,1449032
prod1200k,0,0.03,4.026513203357765,0.9762704589264192,0.9945468034376268,global,expF,0.0,0.2,,0.9720189046659622,0.9534102408419348,0.9731222672152173,1450326
prod1200k,0,0.03,4.026513203357765,0.9762704589264192,0.9945468034376268,global,expF,0.0,0.4,,0.9719919681583638,0.954341226472374,0.9730385326794417,1451624
prod1200k,0,0.03,4.026513203357765,0.9762704589264192,0.9945468034376268,global,expF,0.4,0.0,,0.9720340087274086,0.9525602104837078,0.9731886676474168,1448972
prod1200k,0,0.03,4.026513203357765,0.9762704589264192,0.9945468034376268,global,expF,0.4,0.2,,0.9720300794961644,0.9538959724752074,0.9731053041732458,1450282
prod1200k,0,0.03,4.026513203357765,0.9762704589264192,0.9945468034376268,global,expF,0.4,0.4,,0.9720052027144369,0.9547864804695406,0.9730261515289623,1451586
prod1200k,0,0.03,4.026513203357765,0.9762704589264192,0.9945468034376268,global,expF,0.5,0.0,,0.9720840404496391,0.9589151993523578,0.9728648598690898,1448591
prod1200k,0,0.03,4.026513203357765,0.9762704589264192,0.9945468034376268,global,expF,0.5,0.2,,0.9720661214295021,0.9589151993523578,0.9728458783774113,1449955
prod1200k,0,0.03,4.026513203357765,0.9762704589264192,0.9945468034376268,global,expF,0.5,0.4,,0.9720604949111539,0.9589151993523578,0.9728399182461994,1451300
prod1200k,0,0.03,4.026513203357765,0.9762704589264192,0.9945468034376268,global,expF,0.6,0.0,,0.9720721918702785,0.9689536531066586,0.9722570992291686,1447962
prod1200k,0,0.03,4.026513203357765,0.9762704589264192,0.9945468034376268,global,expF,0.6,0.2,,0.9720507484303176,0.9689536531066586,0.9722343843444227,1449320
prod1200k,0,0.03,4.026513203357765,0.9762704589264192,0.9945468034376268,global,expF,0.6,0.4,,0.9720454995283792,0.9689536531066586,0.9722288242196109,1450660
prod1200k,0,0.03,4.026513203357765,0.9762704589264192,0.9945468034376268,global,expF,0.7,0.0,,0.9718019063141049,0.9767253592390205,0.9715099802724642,1447288
prod1200k,0,0.03,4.026513203357765,0.9762704589264192,0.9945468034376268,global,expF,0.7,0.2,,0.9717816060123868,0.9767253592390205,0.9714884763059979,1448630
prod1200k,0,0.03,4.026513203357765,0.9762704589264192,0.9945468034376268,global,expF,0.7,0.4,,0.9717764028821342,0.9767253592390205,0.9714829646668102,1449965
prod1200k,0,0.03,4.026513203357765,0.9762704589264192,0.9945468034376268,global,thr,,,0.5,0.9698293131200749,0.9589151993523578,0.9704764431076702,1476738
prod1200k,0,0.03,4.026513203357765,0.9762704589264192,0.9945468034376268,global,thr,,,0.55,0.9707712532136963,0.9646225460433111,0.9711358281924424,1469696
prod1200k,0,0.03,4.026513203357765,0.9762704589264192,0.9945468034376268,global,thr,,,0.6,0.971378619660976,0.9689536531066586,0.9715224030784494,1463578
prod1200k,0,0.03,4.026513203357765,0.9762704589264192,0.9945468034376268,global,thr,,,0.65,0.9716299380931374,0.9734466707144303,0.9715222186590448,1457684
prod1200k,0,0.03,4.026513203357765,0.9762704589264192,0.9945468034376268,global,thr,,,0.7,0.9716252279079045,0.9767253592390205,0.9713228260825907,1451376
prod1200k,0,0.03,4.026513203357765,0.9762704589264192,0.9945468034376268,global,thr,,,0.75,0.9713246975851692,0.9806112123052014,0.9707740727443916,1444309
prod1200k,0,0.03,4.026513203357765,0.9762704589264192,0.9945468034376268,global,thr,,,0.8,0.9704901886410414,0.9840518113742157,0.9696860800402085,1436364
